rxqual_value,rxlev_dbm,km_value,hour,day_of_week,is_weekend,has_hdlc_retrans,com_dte_dce_ok,voisinage_ok,label
3.0,-63.0,68.956,9.0,5,1,1,0,0,0
3.0,-78.0,108.206,10.0,2,0,1,1,0,1
7.0,-53.0,6.13,8.0,2,0,1,1,0,1
7.0,-53.0,6.13,16.0,3,0,1,1,0,1
7.0,-97.0,147.876,14.0,5,1,1,0,0,1
0.0,-79.0,147.876,12.0,1,0,1,1,0,1
7.0,-57.0,7.321,17.0,2,0,1,1,1,1
2.0,-69.0,179.149,10.0,2,0,1,1,1,0
7.0,-65.0,202.125,16.0,5,1,1,1,0,1
7.0,-66.0,127.815,20.0,0,0,1,1,1,1
7.0,-57.0,7.321,17.0,0,0,1,1,1,1
7.0,-70.0,108.206,18.0,1,0,1,1,1,0
6.0,-87.0,25.91,17.0,2,0,1,1,0,0
7.0,-68.0,177.85,22.0,2,0,1,1,1,0
1.0,-64.0,144.326,18.0,3,0,1,1,1,0
0.0,-56.0,96.317,19.0,4,0,1,0,1,0
6.0,-77.0,127.815,18.0,5,1,1,1,1,1
5.0,-63.0,177.85,19.0,5,1,1,1,1,0
0.0,-48.0,162.895,9.0,5,1,1,0,1,0
0.0,-48.0,130.484,9.0,5,1,1,0,1,0
0.0,-59.0,79.282,7.0,6,1,1,1,1,0
0.0,-53.0,7.321,11.0,0,0,1,1,1,0
0.0,-48.0,91.365,11.0,1,0,1,1,1,0
0.0,-48.0,5.73,8.0,1,0,1,1,1,0
3.0,-60.0,73.526,11.0,2,0,1,0,1,0
3.0,-71.0,74.713,9.0,3,0,1,1,1,0
2.0,-65.0,39.215,15.0,3,0,1,1,0,0
2.0,-60.0,70.144,8.0,4,0,1,1,1,0
5.0,-77.0,131.789,22.0,5,1,1,1,1,0
3.0,-66.0,84.452,11.0,6,1,1,1,1,0
0.0,-51.0,45.829,12.0,0,0,1,1,1,0
0.0,-48.0,111.975,7.0,0,0,1,1,1,0
0.0,-48.0,125.206,10.0,0,0,1,1,1,1
0.0,-62.0,26.739,9.0,0,0,1,1,1,0
0.0,-68.0,179.149,10.0,2,0,1,1,1,0
0.0,-47.0,66.702,18.0,2,0,1,1,1,0
0.0,-64.0,153.686,22.0,4,0,1,1,1,0
2.0,-69.0,186.87,18.0,5,1,1,0,0,0
0.0,-48.0,111.975,8.0,5,1,1,1,1,0
0.0,-48.0,130.484,13.0,5,1,1,1,1,0
0.0,-52.0,79.282,10.0,6,1,1,1,0,0
3.0,-68.0,81.777,22.0,0,0,1,1,1,0
0.0,-48.0,21.55,8.0,0,0,1,1,1,0
2.0,-48.0,87.187,9.0,1,0,1,1,1,0
2.0,-68.0,64.387,11.0,1,0,1,1,1,1
2.0,-48.0,188.245,9.0,2,0,1,1,1,0
0.0,-50.0,186.87,9.0,2,0,0,1,1,0
0.0,-48.0,14.99,11.0,2,0,1,1,1,0
0.0,-67.0,58.71,18.0,2,0,1,1,1,0
0.0,-48.0,125.206,9.0,3,0,1,1,1,0
4.0,-57.0,101.587,11.0,3,0,1,1,1,0
6.0,-77.0,127.815,22.0,5,1,1,1,1,1
7.0,-85.0,94.954,9.0,5,1,1,1,1,1
0.0,-62.0,32.626,19.0,5,1,1,1,0,0
0.0,-71.0,141.898,18.0,5,1,1,1,1,0
4.0,-67.0,87.655,21.0,6,1,1,1,1,0
0.0,-48.0,91.365,11.0,0,0,1,1,1,0
4.0,-81.0,14.99,16.0,0,0,1,1,1,0
7.0,-78.0,94.954,9.0,2,0,1,1,1,0
7.0,-80.0,94.954,10.0,2,0,1,1,1,0
2.0,-61.0,153.686,18.0,2,0,1,1,1,0
0.0,-47.0,28.457,19.0,2,0,1,1,1,0
7.0,-110.0,126.51,19.0,2,0,1,1,1,0
5.0,-47.0,169.06,17.0,4,0,1,1,1,0
7.0,-110.0,68.656,18.0,4,0,1,1,1,0
0.0,-57.0,167.761,6.0,5,1,1,1,1,0
1.0,-66.0,54.223,12.0,5,1,1,1,1,0
4.0,-62.0,14.93,14.0,6,1,1,1,1,0
2.0,-48.0,161.722,8.0,0,0,1,1,1,0
2.0,-62.0,84.392,8.0,1,0,1,1,1,0
0.0,-58.0,13.713,10.0,1,0,1,1,1,0
0.0,-62.0,57.662,19.0,1,0,1,1,1,0
0.0,-48.0,73.526,11.0,2,0,1,1,1,0
0.0,-65.0,65.514,4.0,4,0,1,1,1,0
0.0,-56.0,80.47,6.0,4,0,1,1,1,0
0.0,-52.0,7.321,11.0,4,0,1,1,1,0
5.0,-68.0,7.321,13.0,4,0,1,1,1,0
3.0,-48.0,127.875,15.0,4,0,1,1,1,0
3.0,-67.0,7.381,18.0,4,0,1,1,1,0
4.0,-57.0,167.761,19.0,4,0,1,1,1,0
2.0,-76.0,122.536,20.0,4,0,1,1,1,0
1.0,-78.0,126.51,17.0,5,1,1,0,1,0
0.0,-57.0,32.626,8.0,6,1,1,1,1,0
1.0,-63.0,68.956,6.0,0,0,1,1,0,0
0.0,-47.0,44.47,11.0,1,0,1,1,1,0
0.0,-48.0,17.59,13.0,1,0,1,0,1,0
3.0,-67.0,7.321,14.0,1,0,1,1,0,0
4.0,-64.0,87.715,18.0,1,0,1,0,1,0
1.0,-47.0,127.875,21.0,1,0,1,1,1,0
0.0,-65.0,115.893,6.0,2,0,1,1,1,0
0.0,-62.0,180.388,7.0,3,0,1,1,1,0
5.0,-47.0,9.03,13.0,3,0,1,1,1,0
4.0,-48.0,75.84,14.0,5,1,1,1,1,0
2.0,-64.0,149.014,17.0,5,1,1,1,1,1
0.0,-47.0,182.865,10.0,6,1,1,1,1,0
5.0,-48.0,171.537,18.0,6,1,1,1,1,0
0.0,-83.0,101.587,4.0,0,0,1,1,1,0
0.0,-53.0,188.077,14.0,0,0,1,1,0,1
0.0,-53.0,35.259,5.0,1,0,1,1,1,0
0.0,-79.0,139.481,7.0,1,0,1,1,1,0
0.0,-73.0,114.607,17.0,1,0,1,1,1,0
0.0,-65.0,123.901,14.0,3,0,1,1,1,0
5.0,-58.0,174.074,9.0,4,0,1,1,1,1
7.0,-95.0,127.815,16.0,0,0,1,1,1,0
7.0,-65.0,7.321,17.0,0,0,1,1,1,0
0.0,-76.0,7.381,5.0,3,0,1,1,1,1
2.0,-67.0,8.97,14.0,5,1,1,1,1,0
0.0,-72.0,98.922,23.0,0,0,1,0,1,0
0.0,-61.0,7.321,0.0,0,0,1,1,1,0
0.0,-72.0,140.659,8.0,4,0,1,1,1,0
7.0,-61.0,7.321,19.0,4,0,1,1,1,0
0.0,-68.0,179.149,22.0,4,0,1,1,1,0
6.0,-48.0,4.707,9.0,5,1,1,1,1,1
0.0,-70.0,134.3,15.0,6,1,1,1,1,0
3.0,-92.0,26.739,17.0,2,0,1,1,1,0
1.0,-72.0,8.97,9.0,3,0,1,1,1,1
7.0,-84.0,127.815,18.0,3,0,1,1,1,0
7.0,-82.0,73.586,22.0,3,0,1,1,1,0
7.0,-50.0,177.85,17.0,4,0,1,1,1,0
0.0,-47.0,158.298,11.0,5,1,1,1,1,0
4.0,-58.0,134.3,16.0,5,1,1,1,1,0
0.0,-47.0,60.945,17.0,5,1,1,1,1,0
5.0,-42.0,182.865,8.0,6,1,1,1,1,0
4.0,-58.0,86.238,15.0,6,1,1,1,1,0
0.0,-62.0,92.561,15.0,6,1,1,1,1,0
6.0,-55.0,7.321,14.0,0,0,1,1,1,1
7.0,-79.0,94.954,15.0,0,0,1,1,1,0
0.0,-67.0,76.968,22.0,0,0,1,1,1,0
1.0,-77.0,127.815,8.0,3,0,1,1,1,0
0.0,-66.0,52.289,12.0,3,0,1,1,1,0
6.0,-63.0,133.074,17.0,3,0,1,1,1,0
0.0,-62.0,175.373,18.0,3,0,1,0,1,0
0.0,-62.0,154.824,20.0,3,0,1,1,1,0
1.0,-70.0,53.601,15.0,4,0,1,1,1,0
0.0,-54.0,186.315,16.0,5,1,1,1,1,0
0.0,-78.0,125.206,7.0,6,1,1,1,1,0
0.0,-79.0,98.982,4.0,0,0,1,1,1,0
0.0,-84.0,14.99,7.0,0,0,1,1,1,0
0.0,-59.0,118.562,13.0,1,0,1,1,1,0
7.0,-77.0,73.586,18.0,2,0,1,1,1,1
5.0,-49.0,73.526,12.0,3,0,1,1,1,1
7.0,-68.0,7.321,20.0,4,0,1,1,1,1
0.0,-70.0,135.585,10.0,5,1,1,1,1,0
5.0,-72.0,146.738,8.0,6,1,1,1,1,0
5.0,-54.0,56.555,15.0,6,1,1,1,1,0
1.0,-47.0,14.99,14.0,0,0,1,1,1,0
2.0,-67.0,35.016,12.0,1,0,1,1,1,0
5.0,-69.0,81.777,14.0,1,0,1,1,1,0
0.0,-61.0,78.155,9.0,2,0,1,1,1,0
7.0,-110.0,122.536,18.0,2,0,1,1,1,0
7.0,-57.0,165.298,10.0,3,0,1,0,1,0
0.0,-53.0,152.488,10.0,3,0,1,1,1,0
7.0,-75.0,7.321,14.0,3,0,1,1,1,1
4.0,-47.0,73.526,17.0,3,0,1,1,1,0
7.0,-72.0,7.321,20.0,3,0,1,1,1,1
1.0,-49.0,31.351,18.0,4,0,1,1,1,0
2.0,-70.0,143.112,21.0,4,0,1,1,1,0
0.0,-51.0,102.89,20.0,4,0,1,1,1,0
0.0,-55.0,166.529,17.0,5,1,1,1,1,0
7.0,-110.0,174.074,9.0,6,1,1,1,1,0
0.0,-49.0,5.93,8.0,1,0,1,1,1,1
1.0,-47.0,112.035,17.0,1,0,1,1,1,0
1.0,-47.0,94.954,16.0,2,0,1,1,1,0
2.0,-55.0,6.13,17.0,2,0,1,1,1,0
2.0,-61.0,35.259,20.0,2,0,1,0,1,0
2.0,-72.0,126.51,7.0,3,0,1,1,1,1
0.0,-72.0,88.911,4.0,4,0,1,1,1,0
0.0,-56.0,106.918,17.0,5,1,1,1,1,0
7.0,-69.0,202.125,18.0,5,1,1,1,1,1
7.0,-87.0,188.055,11.0,6,1,1,1,1,1
3.0,-68.0,155.962,8.0,0,0,1,1,1,0
0.0,-56.0,79.282,17.0,0,0,1,0,1,0
0.0,-48.0,151.35,6.0,1,0,1,1,1,0
2.0,-89.0,53.541,9.0,2,0,1,1,1,0
0.0,-48.0,151.35,13.0,2,0,1,1,1,0
6.0,-49.0,7.321,20.0,2,0,1,1,1,1
7.0,-65.0,177.85,20.0,2,0,1,1,1,1
7.0,-54.0,7.321,23.0,2,0,1,1,1,1
0.0,-71.0,6.13,13.0,3,0,1,1,1,1
7.0,-52.0,6.13,14.0,3,0,1,1,1,1
7.0,-52.0,6.13,21.0,3,0,1,1,1,1
7.0,-55.0,6.13,12.0,4,0,1,1,1,0
0.0,-68.0,144.326,7.0,5,1,1,1,1,0
5.0,-53.0,79.282,13.0,5,1,1,1,1,0
0.0,-58.0,74.713,13.0,5,1,1,1,1,0
5.0,-66.0,153.686,16.0,5,1,1,1,0,0
7.0,-52.0,6.13,17.0,5,1,1,1,0,0
5.0,-80.0,165.298,9.0,6,1,1,1,0,0
0.0,-48.0,156.022,10.0,6,1,1,1,1,0
7.0,-65.0,6.13,19.0,6,1,1,1,1,0
0.0,-68.0,140.659,19.0,6,1,1,1,1,0
0.0,-67.0,11.28,21.0,6,1,1,1,1,0
0.0,-63.0,118.562,12.0,0,0,1,1,1,0
0.0,-88.0,47.127,20.0,0,0,1,1,1,0
0.0,-49.0,52.289,11.0,1,0,1,1,1,0
0.0,-48.0,18.89,23.0,1,0,1,1,1,0
0.0,-73.0,138.302,17.0,2,0,1,1,1,0
0.0,-57.0,52.289,19.0,2,0,1,1,1,0
0.0,-51.0,161.722,15.0,4,0,1,1,1,0
6.0,-58.0,152.488,15.0,4,0,1,1,1,0
7.0,-64.0,202.125,18.0,6,1,1,1,1,1
0.0,-58.0,185.47,19.0,6,1,1,1,0,0
7.0,-58.0,7.321,11.0,1,0,1,1,1,0
7.0,-52.0,6.13,8.0,2,0,1,1,1,0
7.0,-57.0,6.13,14.0,2,0,1,1,0,0
0.0,-50.0,121.232,7.0,3,0,1,1,1,0
7.0,-55.0,7.321,9.0,3,0,1,1,1,0
2.0,-49.0,6.13,16.0,3,0,1,1,0,0
3.0,-56.0,114.607,16.0,3,0,1,1,1,0
7.0,-54.0,7.321,23.0,3,0,1,1,1,0
6.0,-59.0,109.495,14.0,5,1,1,1,0,0
0.0,-75.0,186.87,15.0,5,1,1,1,0,0
0.0,-48.0,83.084,15.0,5,1,1,1,1,0
1.0,-68.0,166.529,9.0,6,1,1,0,1,0
7.0,-52.0,7.321,10.0,6,1,1,1,1,0
0.0,-61.0,32.626,9.0,0,0,1,1,0,1
0.0,-55.0,48.426,16.0,0,0,1,1,1,0
5.0,-67.0,6.13,18.0,0,0,1,1,1,0
4.0,-74.0,93.758,21.0,0,0,1,1,1,0
7.0,-73.0,25.91,9.0,1,0,1,1,0,0
7.0,-54.0,7.321,10.0,1,0,1,1,1,0
7.0,-93.0,25.91,20.0,1,0,1,1,1,0
0.0,-62.0,179.149,5.0,2,0,1,1,1,0
0.0,-48.0,10.125,10.0,2,0,1,1,1,0
6.0,-53.0,7.321,10.0,2,0,1,1,0,0
0.0,-48.0,16.29,17.0,2,0,1,1,1,0
7.0,-54.0,7.321,19.0,2,0,1,1,1,0
7.0,-84.0,177.85,22.0,2,0,1,1,1,0
0.0,-48.0,97.619,9.0,3,0,1,1,1,0
0.0,-61.0,21.55,11.0,3,0,1,1,1,0
7.0,-70.0,108.206,12.0,3,0,1,1,1,0
0.0,-52.0,17.59,13.0,3,0,1,1,1,1
4.0,-56.0,6.13,21.0,3,0,1,1,1,0
0.0,-48.0,79.282,4.0,4,0,1,1,1,0
1.0,-48.0,80.282,5.0,4,0,1,1,1,0
7.0,-66.0,202.7,13.0,5,1,1,1,1,1
7.0,-55.0,6.13,17.0,5,1,1,1,1,0
7.0,-55.0,7.321,16.0,6,1,1,1,1,0
7.0,-77.0,94.954,16.0,6,1,1,1,1,0
7.0,-57.0,7.321,17.0,6,1,1,1,1,0
7.0,-52.0,6.13,18.0,6,1,1,1,1,0
7.0,-59.0,7.321,9.0,0,0,1,1,1,0
7.0,-57.0,7.321,10.0,0,0,1,1,1,0
4.0,-52.0,6.13,19.0,0,0,1,1,1,0
7.0,-67.0,7.321,7.0,1,0,1,1,1,0
7.0,-74.0,7.321,9.0,1,0,1,1,1,0
7.0,-56.0,7.321,23.0,1,0,1,1,1,0
2.0,-61.0,90.108,18.0,3,0,1,1,1,0
0.0,-49.0,7.321,17.0,5,1,1,1,1,0
0.0,-81.0,65.514,20.0,5,1,1,1,0,1
0.0,-48.0,26.739,15.0,6,1,1,1,1,0
4.0,-57.0,7.321,19.0,0,0,1,1,1,0
0.0,-48.0,31.351,19.0,0,0,1,1,1,0
0.0,-53.0,78.155,7.0,1,0,1,1,1,0
0.0,-83.0,48.426,11.0,1,0,1,1,1,1
7.0,-57.0,7.321,12.0,1,0,1,1,1,0
7.0,-75.0,94.954,8.0,3,0,1,1,1,0
7.0,-56.0,7.321,14.0,3,0,1,1,1,0
7.0,-59.0,7.321,19.0,3,0,1,1,1,0
7.0,-54.0,7.321,16.0,4,0,1,1,1,0
2.0,-65.0,32.626,23.0,4,0,1,1,1,1
6.0,-81.0,94.954,23.0,6,1,1,1,1,1
7.0,-65.0,7.321,23.0,0,0,1,1,1,0
7.0,-59.0,7.321,16.0,1,0,1,1,1,0
0.0,-50.0,7.321,19.0,1,0,1,1,1,0
7.0,-59.0,7.321,21.0,1,0,1,1,1,0
7.0,-55.0,6.13,15.0,2,0,1,1,1,0
7.0,-66.0,7.321,19.0,2,0,1,1,1,0
0.0,-60.0,176.612,16.0,4,0,1,1,1,0
7.0,-68.0,7.321,12.0,5,1,1,1,1,0
7.0,-62.0,109.495,14.0,5,1,1,1,1,0
7.0,-57.0,7.321,19.0,5,1,1,1,1,1
7.0,-82.0,127.815,22.0,6,1,1,1,1,0
5.0,-75.0,177.85,23.0,6,1,1,1,1,0
7.0,-58.0,7.321,10.0,0,0,1,1,1,0
7.0,-63.0,202.125,20.0,0,0,1,1,1,1
6.0,-70.0,106.206,21.0,0,0,1,1,0,1
7.0,-62.0,109.495,12.0,0,0,1,1,1,1
7.0,-54.0,7.321,13.0,1,0,1,1,1,0
0.0,-60.0,8.97,17.0,1,0,1,1,1,0
7.0,-62.0,13.713,23.0,1,0,1,1,1,0
0.0,96.0,25.91,6.0,2,0,1,1,0,1
7.0,75.0,94.954,20.0,2,0,1,1,1,1
7.0,-54.0,6.13,17.0,3,0,1,1,1,0
6.0,-64.0,176.612,18.0,3,0,1,1,0,0
7.0,-52.0,6.13,21.0,3,0,1,1,1,0
4.0,-79.0,169.06,8.0,4,0,1,1,1,0
7.0,-54.0,7.321,9.0,4,0,1,1,1,0
3.0,-68.0,75.84,14.0,4,0,1,1,1,0
7.0,-58.0,7.321,8.0,4,0,1,1,1,0
0.0,-60.0,7.321,7.0,4,0,1,1,1,0
7.0,-68.0,200.542,20.0,4,0,1,1,1,1
0.0,-48.0,9.03,7.0,5,1,1,1,1,0
2.0,-61.0,6.13,8.0,5,1,1,1,1,0
7.0,-110.0,145.6,9.0,5,1,1,1,0,0
7.0,-60.0,6.13,12.0,5,1,1,1,1,0
4.0,-53.0,6.13,15.0,5,1,1,1,1,0
0.0,-50.0,134.3,19.0,5,1,1,1,1,0
0.0,-60.0,11.23,20.0,5,1,1,1,1,0
0.0,-62.0,134.3,21.0,5,1,1,1,1,0
2.0,-62.0,33.961,8.0,6,1,1,1,1,0
6.0,-58.0,113.321,9.0,6,1,1,1,1,1
7.0,-57.0,7.321,13.0,6,1,1,1,1,0
7.0,-70.0,7.321,17.0,6,1,1,1,1,0
0.0,-48.0,182.925,17.0,6,1,1,1,1,0
3.0,-63.0,7.321,18.0,6,1,1,1,1,0
0.0,-48.0,162.895,21.0,6,1,1,1,1,0
7.0,-59.0,7.321,14.0,0,0,1,1,1,0
3.0,-55.0,6.13,17.0,0,0,1,1,1,0
3.0,-64.0,36.558,18.0,0,0,1,1,1,0
7.0,-52.0,6.13,20.0,0,0,1,1,1,0
0.0,-66.0,21.55,20.0,0,0,1,1,1,0
1.0,-59.0,13.713,9.0,1,0,1,1,1,0
3.0,-63.0,44.47,9.0,1,0,1,1,1,0
6.0,-50.0,7.321,14.0,1,0,1,1,1,0
4.0,-49.0,7.321,15.0,1,0,1,1,0,0
3.0,-50.0,6.13,21.0,1,0,1,1,1,0
7.0,-58.0,6.13,17.0,2,0,1,1,0,0
7.0,-55.0,6.13,12.0,3,0,1,1,0,0
0.0,-50.0,145.54,16.0,3,0,1,1,1,0
7.0,-52.0,6.13,20.0,3,0,1,1,0,0
1.0,-53.0,44.47,14.0,4,0,1,1,1,0
5.0,-75.0,6.13,17.0,4,0,1,1,1,0
6.0,-81.0,7.321,20.0,4,0,1,1,1,0
7.0,-53.0,6.13,21.0,4,0,1,1,0,0
0.0,-48.0,123.901,17.0,5,1,1,1,1,0
0.0,-52.0,78.155,7.0,6,1,1,1,1,0
0.0,-64.0,101.587,15.0,6,1,1,1,0,1
5.0,-52.0,6.13,22.0,6,1,1,1,0,0
7.0,-68.0,109.5,8.0,0,0,1,1,1,1
0.0,-77.0,126.51,15.0,0,0,1,1,1,1
0.0,-63.0,117.258,20.0,0,0,1,1,1,1
7.0,-55.0,6.13,21.0,0,0,1,1,1,0
5.0,-83.0,94.954,11.0,1,0,1,1,1,1
5.0,-68.0,6.13,16.0,1,0,1,1,1,0
7.0,-54.0,6.13,17.0,1,0,1,1,1,0
7.0,-54.0,6.13,14.0,2,0,1,0,1,0
0.0,-79.0,7.321,16.0,2,0,1,1,1,0
0.0,-61.0,86.238,20.0,2,0,1,1,1,0
0.0,-48.0,10.125,8.0,3,0,1,1,0,1
0.0,-51.0,6.13,20.0,3,0,1,1,0,0
0.0,-61.0,177.85,21.0,3,0,1,1,1,0
6.0,-51.0,6.13,12.0,4,0,1,1,0,0
0.0,-48.0,60.945,15.0,4,0,1,1,1,0
0.0,-74.0,59.758,18.0,4,0,1,0,1,1
6.0,-54.0,6.13,20.0,4,0,1,1,0,0
6.0,-54.0,7.321,21.0,4,0,1,1,1,0
6.0,-64.0,113.321,21.0,4,0,1,1,0,1
0.0,-48.0,75.84,12.0,5,1,1,1,1,0
0.0,-54.0,185.825,12.0,5,1,1,1,0,1
0.0,-48.0,74.713,7.0,6,1,1,1,1,0
7.0,-75.0,94.954,8.0,6,1,1,1,1,0
7.0,-71.0,108.206,9.0,6,1,1,1,1,1
6.0,-93.0,25.91,11.0,6,1,1,1,1,1
0.0,-48.0,104.253,11.0,6,1,1,1,1,0
0.0,-47.0,91.365,18.0,6,1,1,1,1,0
7.0,-110.0,109.495,19.0,6,1,1,1,1,1
7.0,-63.0,202.125,20.0,6,1,1,1,1,1
0.0,-48.0,18.89,21.0,6,1,1,1,1,1
0.0,-73.0,12.496,21.0,6,1,1,1,1,0
4.0,-59.0,185.47,21.0,6,1,1,1,0,0
7.0,-63.0,202.125,22.0,6,1,1,1,1,1
0.0,-56.0,12.496,8.0,0,0,1,1,1,0
7.0,-52.0,6.13,20.0,0,0,1,1,1,0
0.0,-63.0,58.71,12.0,1,0,1,1,0,0
4.0,-62.0,68.956,12.0,1,0,1,1,0,0
7.0,-54.0,6.13,14.0,1,0,1,1,0,0
7.0,-52.0,6.13,18.0,1,0,1,1,1,0
0.0,-55.0,90.108,7.0,2,0,1,0,1,0
0.0,-51.0,66.702,8.0,2,0,1,1,1,0
7.0,-54.0,7.321,16.0,2,0,1,1,1,0
0.0,-110.0,94.954,17.0,2,0,1,1,1,1
1.0,-60.0,32.626,19.0,2,0,1,1,1,0
7.0,-71.0,73.586,20.0,2,0,1,1,0,1
7.0,-56.0,6.13,14.0,3,0,1,1,0,0
7.0,-74.0,73.586,21.0,3,0,1,1,1,0
7.0,-74.0,177.85,21.0,3,0,1,1,1,0
7.0,-80.0,94.954,23.0,3,0,1,1,1,0
0.0,-54.0,6.13,10.0,4,0,1,1,1,0
7.0,-81.0,7.321,14.0,4,0,1,1,1,0
7.0,-52.0,6.13,19.0,4,0,1,1,0,0
5.0,-55.0,6.13,20.0,4,0,1,1,0,0
6.0,-75.0,134.3,20.0,4,0,1,1,1,0
7.0,-86.0,25.85,12.0,5,1,1,1,1,1
3.0,-56.0,6.13,17.0,5,1,1,1,1,0
0.0,-50.0,130.484,20.0,5,1,1,1,1,0
7.0,-53.0,6.13,21.0,5,1,1,1,0,0
7.0,-56.0,6.13,14.0,6,1,1,1,1,0
7.0,-53.0,6.13,17.0,6,1,1,1,0,0
0.0,-71.0,140.659,18.0,6,1,1,1,1,0
4.0,-50.0,6.13,19.0,6,1,1,1,0,0
7.0,-76.0,73.586,16.0,0,0,1,1,1,1
5.0,-80.0,108.206,20.0,0,0,1,1,1,1
6.0,-83.0,94.954,22.0,0,0,1,1,1,1
7.0,-64.0,73.586,7.0,1,0,1,1,1,1
7.0,-48.0,51.037,8.0,1,0,1,0,1,0
7.0,-74.0,177.85,12.0,1,0,1,0,1,0
0.0,-48.0,14.99,20.0,2,0,1,1,1,0
7.0,-71.0,179.089,20.0,2,0,1,1,1,1
5.0,-72.0,140.659,21.0,2,0,1,1,1,1
7.0,-81.0,127.815,21.0,2,0,1,1,1,1
0.0,-57.0,97.619,22.0,2,0,1,1,1,0
0.0,-51.0,131.789,9.0,3,0,1,1,1,0
7.0,-61.0,7.321,10.0,3,0,1,1,1,0
0.0,-50.0,83.084,17.0,3,0,1,1,1,0
7.0,-75.0,177.85,18.0,3,0,1,1,0,1
1.0,-65.0,118.562,7.0,5,1,1,1,1,0
3.0,-53.0,6.13,10.0,5,1,1,1,1,0
0.0,-48.0,17.59,20.0,5,1,1,1,1,0
0.0,-48.0,17.59,9.0,6,1,1,1,1,0
0.0,-68.0,110.783,17.0,6,1,1,1,1,1
6.0,-54.0,7.321,18.0,6,1,1,1,1,0
0.0,-58.0,179.149,17.0,6,1,1,1,1,0
6.0,-54.0,6.13,22.0,6,1,1,1,1,0
0.0,-48.0,79.282,4.0,0,0,1,1,1,0
7.0,-61.0,152.488,6.0,0,0,1,1,0,0
0.0,-48.0,30.016,16.0,0,0,1,1,1,1
0.0,-48.0,130.484,17.0,0,0,1,1,1,0
2.0,-61.0,10.125,20.0,0,0,1,1,1,1
7.0,-70.0,7.321,9.0,1,0,1,1,0,0
0.0,-49.0,108.206,16.0,1,0,1,1,1,1
0.0,-48.0,67.829,17.0,1,0,1,1,1,0
4.0,-51.0,6.13,20.0,1,0,1,1,1,0
7.0,-83.0,26.739,22.0,1,0,1,1,1,1
0.0,-48.0,129.18,7.0,2,0,1,1,1,0
7.0,-85.0,94.954,18.0,2,0,1,1,1,0
0.0,-60.0,32.626,19.0,2,0,1,1,1,0
7.0,-54.0,6.13,20.0,2,0,1,1,1,0
7.0,-87.0,127.815,8.0,3,0,1,1,1,0
0.0,-55.0,185.825,9.0,3,0,1,1,1,0
6.0,-53.0,6.13,12.0,3,0,1,1,0,0
0.0,-77.0,7.321,13.0,3,0,1,1,1,0
5.0,-58.0,109.495,21.0,3,0,1,1,1,1
0.0,-79.0,7.321,16.0,4,0,1,1,1,0
7.0,-85.0,25.85,21.0,4,0,1,1,1,0
7.0,-92.0,26.739,22.0,4,0,1,1,1,0
1.0,-48.0,56.555,8.0,5,1,1,1,1,0
6.0,-53.0,6.13,14.0,5,1,1,1,0,0
6.0,-94.0,25.91,16.0,5,1,1,1,1,1
7.0,-72.0,74.713,20.0,5,1,1,1,1,0
0.0,-48.0,114.607,21.0,5,1,1,1,1,1
3.0,-52.0,92.561,11.0,6,1,1,1,1,1
0.0,-48.0,130.484,13.0,6,1,1,1,1,0
0.0,-110.0,177.85,16.0,6,1,1,1,1,1
7.0,-56.0,152.488,16.0,6,1,1,1,1,0
7.0,-84.0,25.85,19.0,6,1,1,1,1,1
0.0,-62.0,177.85,19.0,6,1,1,1,1,1
7.0,-92.0,26.739,20.0,6,1,1,1,1,1
7.0,-73.0,176.612,20.0,6,1,1,1,0,1
1.0,-86.0,12.496,20.0,6,1,1,1,1,1
0.0,-48.0,110.843,6.0,0,0,1,1,1,1
0.0,-71.0,6.13,7.0,0,0,1,1,1,0
2.0,-58.0,104.253,17.0,0,0,1,1,1,1
0.0,-53.0,59.758,8.0,1,0,1,1,1,1
5.0,-52.0,6.13,15.0,1,0,1,1,1,0
5.0,-56.0,6.13,17.0,1,0,1,1,1,0
6.0,-77.0,108.206,16.0,2,0,1,1,1,1
0.0,-48.0,164.066,16.0,2,0,1,0,1,1
1.0,-49.0,73.586,20.0,2,0,1,1,1,0
3.0,-69.0,8.97,8.0,3,0,1,1,1,0
2.0,-69.0,144.326,18.0,3,0,1,1,1,1
0.0,-48.0,49.785,8.0,3,0,1,1,1,0
7.0,-53.0,6.13,15.0,4,0,1,1,1,0
0.0,-73.0,44.47,15.0,4,0,1,1,0,1
0.0,-50.0,35.259,22.0,4,0,1,1,1,0
1.0,-48.0,98.982,11.0,5,1,1,1,1,0
7.0,-52.0,6.13,14.0,5,1,1,1,1,0
0.0,-61.0,11.28,17.0,5,1,1,1,1,0
1.0,-77.0,64.387,17.0,5,1,1,1,1,0
7.0,-70.0,177.85,18.0,5,1,1,1,1,1
2.0,-60.0,177.85,16.0,5,1,1,1,1,1
0.0,-48.0,33.961,7.0,6,1,1,1,1,0
5.0,-51.0,6.13,14.0,6,1,1,1,0,0
6.0,-53.0,6.13,15.0,6,1,1,1,1,0
2.0,-50.0,59.818,15.0,6,1,1,1,1,0
3.0,-52.0,6.13,16.0,6,1,1,1,0,0
0.0,-51.0,21.55,19.0,6,1,1,1,1,0
0.0,-69.0,88.911,21.0,6,1,1,1,1,0
0.0,-52.0,93.758,10.0,0,0,1,0,1,0
0.0,-48.0,4.707,17.0,0,0,1,1,0,0
5.0,-53.0,6.13,18.0,0,0,1,1,1,0
0.0,-54.0,135.525,19.0,0,0,1,1,1,0
7.0,-80.0,48.426,21.0,0,0,1,1,1,0
0.0,-53.0,205.125,20.0,0,0,1,1,1,0
0.0,-53.0,198.984,20.0,0,0,1,1,1,1
0.0,-48.0,33.961,4.0,1,0,1,1,1,0
1.0,-65.0,138.302,8.0,1,0,1,1,1,0
3.0,-53.0,122.536,15.0,1,0,1,0,1,0
0.0,-58.0,75.84,15.0,1,0,1,1,1,0
6.0,-50.0,7.321,16.0,1,0,1,0,0,0
0.0,-56.0,172.836,17.0,1,0,1,1,1,0
0.0,-67.0,155.962,8.0,3,0,1,1,1,0
7.0,-56.0,6.13,15.0,3,0,1,1,1,0
7.0,-56.0,108.206,17.0,3,0,1,1,1,1
0.0,-48.0,93.758,19.0,3,0,1,1,1,1
0.0,-48.0,79.282,4.0,4,0,1,1,1,0
3.0,-61.0,177.85,7.0,4,0,1,1,1,1
4.0,-60.0,177.85,19.0,4,0,1,1,1,1
7.0,-73.0,177.85,22.0,4,0,1,1,1,1
0.0,-56.0,109.495,8.0,5,1,1,1,1,0
2.0,-83.0,93.758,17.0,5,1,1,0,0,1
7.0,-52.0,7.321,9.0,6,1,1,1,0,0
0.0,-48.0,182.865,10.0,6,1,1,1,1,0
7.0,-55.0,7.321,16.0,6,1,1,1,0,0
7.0,-92.0,25.91,20.0,6,1,1,0,1,0
6.0,-49.0,6.13,20.0,6,1,1,1,0,0
7.0,-69.0,177.85,20.0,6,1,1,1,1,1
0.0,-56.0,10.125,0.0,0,0,1,1,1,1
0.0,-62.0,32.626,6.0,0,0,1,1,0,0
0.0,-48.0,91.365,16.0,0,0,1,1,1,0
7.0,-53.0,6.13,21.0,0,0,1,1,0,0
0.0,-49.0,57.662,22.0,0,0,1,1,1,0
0.0,-48.0,78.155,7.0,1,0,1,1,1,0
0.0,-59.0,174.074,13.0,1,0,1,1,0,0
5.0,-53.0,6.13,14.0,1,0,1,1,0,0
7.0,-55.0,6.13,20.0,1,0,1,1,1,0
7.0,-75.0,7.321,9.0,2,0,1,1,1,0
0.0,-57.0,62.072,11.0,2,0,1,1,1,0
4.0,-78.0,134.3,12.0,2,0,1,1,0,0
0.0,-72.0,138.302,17.0,2,0,1,1,1,0
0.0,-48.0,182.865,19.0,2,0,1,1,1,0
5.0,-49.0,7.321,22.0,2,0,1,1,1,0
1.0,-66.0,8.97,23.0,2,0,1,1,1,0
2.0,-66.0,9.97,0.0,4,0,1,1,1,0
1.0,-57.0,153.686,15.0,4,0,1,1,1,0
6.0,-52.0,6.13,20.0,4,0,1,1,1,0
0.0,-48.0,7.321,23.0,4,0,1,0,1,0
0.0,-56.0,166.529,7.0,5,1,1,1,1,0
7.0,-80.0,7.321,10.0,5,1,1,1,1,0
0.0,-55.0,72.398,12.0,5,1,1,1,1,0
0.0,-48.0,172.612,15.0,5,1,1,1,1,0
6.0,-52.0,7.321,16.0,5,1,1,1,0,0
7.0,-52.0,6.13,17.0,6,1,1,1,1,0
0.0,-53.0,39.215,21.0,6,1,1,1,1,0
1.0,-75.0,7.321,0.0,0,0,1,1,1,0
1.0,-49.0,102.918,7.0,1,0,1,1,1,0
2.0,-49.0,88.911,10.0,2,0,1,1,1,0
7.0,-52.0,7.381,20.0,2,0,1,1,1,0
3.0,-74.0,58.71,21.0,2,0,1,1,0,0
0.0,-50.0,53.601,10.0,3,0,1,1,1,0
7.0,-56.0,6.13,12.0,3,0,1,1,0,0
7.0,-61.0,7.321,13.0,3,0,1,1,1,0
5.0,-47.0,10.125,19.0,4,0,1,1,1,0
7.0,-53.0,6.13,20.0,4,0,1,1,0,0
3.0,-52.0,6.13,12.0,5,1,1,1,1,0
7.0,-55.0,6.13,14.0,5,1,1,1,1,0
3.0,-70.0,6.13,21.0,5,1,1,1,1,0
7.0,-69.0,202.125,23.0,5,1,1,1,1,0
0.0,-48.0,185.47,9.0,6,1,1,1,1,0
5.0,-47.0,28.457,19.0,6,1,1,1,1,1
6.0,-56.0,160.609,22.0,6,1,1,1,1,0
7.0,-53.0,7.381,23.0,6,1,1,1,0,0
0.0,-48.0,71.271,23.0,6,1,1,1,1,1
0.0,-72.0,7.321,16.0,1,0,1,1,0,0
0.0,-48.0,71.271,11.0,2,0,1,1,1,0
0.0,-48.0,185.47,20.0,2,0,1,1,1,0
5.0,-60.0,109.495,21.0,2,0,1,1,1,0
0.0,-57.0,35.259,21.0,2,0,1,1,1,0
7.0,-57.0,7.321,21.0,2,0,1,1,1,0
0.0,-48.0,68.956,12.0,3,0,1,1,1,0
7.0,-89.0,26.739,20.0,3,0,1,1,1,0
0.0,-51.0,129.18,8.0,4,0,1,1,1,0
0.0,-48.0,16.29,10.0,4,0,1,1,1,0
1.0,-64.0,172.836,20.0,4,0,1,1,0,0
0.0,-55.0,39.215,22.0,4,0,1,1,1,0
7.0,110.0,6.13,23.0,5,1,1,1,1,0
0.0,48.0,31.351,10.0,6,1,1,0,1,0
0.0,51.0,101.587,18.0,6,1,1,1,1,0
0.0,48.0,182.865,21.0,6,1,1,1,1,0
7.0,85.0,94.954,7.0,0,0,1,1,1,1
5.0,68.0,166.529,12.0,0,0,1,1,1,0
0.0,60.0,114.607,12.0,0,0,1,1,1,1
0.0,-48.0,85.888,4.0,2,0,1,1,1,0
7.0,-54.0,6.13,19.0,2,0,1,1,0,0
0.0,-66.0,161.722,7.0,3,0,1,1,0,0
0.0,-77.0,7.321,12.0,3,0,1,1,1,0
6.0,-53.0,7.321,21.0,3,0,1,1,0,0
7.0,-70.0,198.984,22.0,3,0,1,1,1,1
0.0,-62.0,104.253,7.0,4,0,1,1,0,0
0.0,-66.0,177.85,8.0,4,0,1,1,1,0
0.0,-48.0,199.292,20.0,4,0,1,1,1,0
7.0,-69.0,108.206,20.0,4,0,1,1,1,1
0.0,-110.0,177.85,20.0,4,0,1,1,1,0
7.0,-70.0,108.206,21.0,4,0,1,1,1,1
0.0,-54.0,7.321,23.0,5,1,1,1,1,0
0.0,-56.0,62.072,9.0,6,1,1,1,1,0
0.0,-63.0,117.258,17.0,6,1,1,1,1,0
7.0,-52.0,7.321,18.0,6,1,1,1,0,0
0.0,-64.0,146.738,11.0,0,0,1,0,1,0
0.0,-48.0,55.405,21.0,0,0,1,1,1,0
7.0,-52.0,6.13,18.0,1,0,1,1,0,0
0.0,-48.0,152.488,19.0,1,0,1,1,1,0
7.0,-52.0,6.13,12.0,2,0,1,1,1,0
6.0,-58.0,7.381,15.0,2,0,1,1,1,0
7.0,-56.0,7.381,17.0,2,0,1,1,1,0
7.0,-54.0,7.381,20.0,2,0,1,1,1,0
0.0,-53.0,8.97,23.0,2,0,1,1,1,0
0.0,-57.0,135.585,14.0,4,0,1,1,1,0
7.0,-53.0,6.13,16.0,4,0,1,1,0,0
7.0,-55.0,6.13,17.0,4,0,1,1,0,0
7.0,-50.0,6.13,21.0,4,0,1,1,1,0
0.0,-110.0,7.321,12.0,5,1,1,0,1,0
0.0,-57.0,143.112,19.0,5,1,1,1,1,0
7.0,-54.0,6.13,20.0,5,1,1,1,0,0
0.0,-65.0,144.326,11.0,6,1,1,0,1,0
7.0,-67.0,202.125,13.0,6,1,1,0,1,1
7.0,-53.0,6.13,14.0,6,1,1,1,0,0
1.0,-74.0,121.232,17.0,6,1,1,1,1,0
0.0,-71.0,139.481,20.0,6,1,1,1,1,0
7.0,-55.0,6.13,8.0,0,0,1,1,0,0
2.0,-80.0,108.206,16.0,0,0,1,1,0,0
0.0,-58.0,140.659,17.0,0,0,1,1,1,0
2.0,-48.0,141.898,19.0,0,0,1,1,1,0
0.0,-53.0,6.13,8.0,1,0,1,1,0,0
7.0,-55.0,7.321,9.0,1,0,1,1,1,0
0.0,-67.0,144.326,10.0,1,0,1,1,1,0
3.0,-52.0,6.13,14.0,1,0,1,1,1,0
7.0,-83.0,94.95,7.0,2,0,1,1,1,0
0.0,-48.0,141.898,10.0,2,0,1,1,1,0
7.0,-85.0,94.95,10.0,2,0,1,1,1,1
6.0,-53.0,7.321,11.0,2,0,1,1,0,0
0.0,-48.0,5.73,14.0,2,0,1,1,1,0
0.0,-48.0,182.865,18.0,2,0,1,0,1,0
7.0,-55.0,6.13,19.0,2,0,1,1,0,0
0.0,-48.0,181.626,10.0,3,0,1,1,1,0
0.0,-48.0,70.144,16.0,3,0,1,0,1,0
6.0,-54.0,6.13,18.0,3,0,1,1,0,0
0.0,-48.0,16.29,21.0,3,0,1,1,1,0
3.0,-65.0,90.108,7.0,4,0,1,1,1,0
0.0,-54.0,186.315,15.0,5,1,1,0,1,0
7.0,-55.0,6.13,18.0,5,1,1,1,1,0
0.0,-50.0,198.984,19.0,5,1,1,1,1,0
7.0,-52.0,6.13,20.0,6,1,1,1,1,0
7.0,-85.0,94.954,9.0,0,0,1,1,1,1
7.0,-82.0,25.91,20.0,0,0,1,1,0,1
0.0,-77.0,140.659,17.0,1,0,1,1,1,0
7.0,-79.0,7.321,20.0,1,0,1,1,1,0
2.0,-64.0,8.97,23.0,1,0,1,1,1,0
0.0,-51.0,106.918,11.0,1,0,1,1,1,0
5.0,-66.0,8.97,13.0,2,0,1,1,1,0
6.0,-52.0,7.321,20.0,2,0,1,1,0,0
0.0,-48.0,14.99,4.0,3,0,1,1,1,0
0.0,-55.0,31.351,8.0,3,0,1,1,1,0
0.0,-59.0,144.632,9.0,3,0,1,1,1,0
0.0,-65.0,39.215,12.0,3,0,1,1,0,0
7.0,-58.0,6.13,15.0,5,1,1,1,0,0
0.0,-48.0,118.562,11.0,6,1,1,1,1,0
7.0,-55.0,6.13,15.0,6,1,1,1,1,0
1.0,-64.0,144.326,20.0,6,1,1,1,0,0
6.0,-52.0,6.13,21.0,6,1,1,1,0,0
0.0,-71.0,21.55,6.0,0,0,1,1,0,0
6.0,-84.0,94.954,9.0,0,0,1,1,0,1
7.0,-65.0,133.492,23.0,0,0,1,1,0,1
0.0,-61.0,73.586,6.0,1,0,1,1,0,0
7.0,-58.0,7.321,6.0,1,0,1,1,0,0
7.0,-85.0,94.954,11.0,1,0,1,1,0,1
0.0,-55.0,143.112,12.0,1,0,1,1,0,0
3.0,-62.0,81.777,6.0,2,0,1,1,0,0
7.0,-86.0,94.945,13.0,2,0,1,1,1,1
4.0,-66.0,7.321,14.0,2,0,1,1,1,0
0.0,-48.0,160.609,17.0,2,0,1,0,1,0
1.0,-58.0,160.609,19.0,2,0,1,1,1,0
0.0,-60.0,140.659,21.0,2,0,1,1,1,0
2.0,-61.0,6.13,9.0,3,0,1,1,1,0
0.0,-48.0,105.555,16.0,3,0,1,1,1,0
0.0,-48.0,14.99,17.0,3,0,1,1,1,0
7.0,-55.0,6.13,11.0,4,0,1,1,1,0
0.0,-110.0,7.321,18.0,4,0,1,0,1,0
2.0,-48.0,22.91,14.0,5,1,1,1,1,0
0.0,-48.0,130.484,16.0,5,1,1,1,1,0
7.0,-42.0,7.321,17.0,5,1,1,0,1,0
0.0,-59.0,134.3,19.0,5,1,1,1,1,0
7.0,-59.0,8.2,22.0,5,1,1,1,0,0
7.0,-59.0,8.2,21.0,5,1,1,1,0,0
0.0,-72.0,93.758,5.0,6,1,1,1,1,0
2.0,-87.0,26.739,9.0,6,1,1,1,1,1
2.0,-48.0,129.18,10.0,6,1,1,1,1,0
7.0,-83.0,94.954,15.0,6,1,1,1,1,0
0.0,-48.0,75.84,4.0,0,0,1,1,1,1
0.0,-49.0,39.215,7.0,0,0,1,1,1,0
7.0,-55.0,6.13,14.0,0,0,1,1,0,0
0.0,-71.0,143.112,17.0,0,0,1,1,1,1
0.0,-51.0,87.187,17.0,0,0,1,1,1,0
2.0,-77.0,64.387,20.0,0,0,1,1,1,1
7.0,-53.0,6.13,15.0,1,0,1,1,1,0
7.0,-53.0,93.758,17.0,1,0,1,1,1,1
3.0,-73.0,165.298,17.0,1,0,1,1,1,0
3.0,-87.0,25.91,18.0,1,0,1,1,1,0
7.0,-66.0,6.13,19.0,1,0,1,1,0,0
2.0,-65.0,7.381,16.0,2,0,1,1,1,0
1.0,-73.0,8.97,17.0,2,0,1,1,0,0
1.0,-66.0,7.381,17.0,2,0,1,1,1,0
7.0,-52.0,6.13,21.0,2,0,1,1,0,0
2.0,-74.0,7.381,18.0,3,0,1,1,0,0
0.0,-53.0,78.155,18.0,3,0,1,1,1,0
7.0,-52.0,6.13,19.0,3,0,1,1,1,0
0.0,-48.0,6.13,21.0,3,0,1,1,1,0
0.0,-48.0,31.351,4.0,4,0,1,1,1,0
0.0,-72.0,7.381,6.0,4,0,1,1,1,0
7.0,-84.0,94.954,8.0,4,0,1,1,1,1
0.0,-73.0,9.07,12.0,4,0,1,0,1,0
6.0,-75.0,7.381,12.0,4,0,1,1,1,0
0.0,-67.0,8.97,13.0,4,0,1,1,1,0
7.0,-54.0,7.381,20.0,4,0,1,1,1,0
0.0,-48.0,8.97,21.0,4,0,1,1,1,0
0.0,-50.0,8.97,9.0,5,1,1,1,1,0
5.0,-48.0,8.97,13.0,5,1,1,0,1,0
1.0,-75.0,7.381,14.0,5,1,1,1,1,0
7.0,-56.0,8.97,14.0,5,1,1,1,1,0
0.0,-57.0,6.13,15.0,5,1,1,1,1,0
0.0,-48.0,16.29,8.0,6,1,1,1,1,0
0.0,-63.0,145.6,9.0,6,1,1,1,1,0
0.0,-57.0,90.108,12.0,6,1,1,1,1,0
0.0,-66.0,144.326,14.0,6,1,1,1,1,0
7.0,-56.0,152.862,14.0,6,1,1,1,1,1
5.0,-63.0,8.97,16.0,6,1,1,1,1,0
3.0,-56.0,43.171,16.0,6,1,1,1,1,0
6.0,-53.0,6.13,17.0,6,1,1,1,0,0
7.0,-55.0,6.13,17.0,6,1,1,1,0,0
0.0,-48.0,53.601,21.0,6,1,1,1,1,0
0.0,-52.0,32.626,4.0,0,0,1,1,1,0
7.0,-64.0,7.321,13.0,0,0,1,1,1,0
1.0,-71.0,138.302,14.0,0,0,1,1,1,0
7.0,-55.0,6.13,15.0,0,0,1,1,0,0
6.0,-58.0,109.495,16.0,0,0,1,1,1,1
5.0,-53.0,7.321,16.0,0,0,1,1,0,0
7.0,-51.0,6.13,21.0,0,0,1,1,0,0
0.0,-51.0,94.954,16.0,1,0,1,1,0,0
2.0,-65.0,6.13,17.0,2,0,1,1,0,0
5.0,-55.0,7.321,13.0,3,0,1,1,0,0
2.0,-55.0,188.056,18.0,3,0,1,1,1,0
7.0,-85.0,6.13,21.0,3,0,1,1,0,0
7.0,-83.0,94.954,22.0,3,0,1,1,1,0
6.0,-51.0,5.73,23.0,4,0,1,0,0,0
7.0,-55.0,6.13,9.0,6,1,1,1,0,0
0.0,-48.0,76.968,10.0,6,1,1,1,1,0
7.0,-64.0,6.13,18.0,6,1,1,1,1,0
7.0,-51.0,5.73,19.0,6,1,1,1,1,0
0.0,-54.0,198.984,20.0,6,1,1,1,1,0
3.0,-67.0,75.84,13.0,0,0,1,1,1,0
1.0,-73.0,25.91,16.0,0,0,1,1,1,0
3.0,-75.0,145.6,18.0,0,0,1,1,1,0
2.0,-48.0,131.789,18.0,0,0,1,1,1,0
0.0,-48.0,65.514,6.0,1,0,1,1,1,0
1.0,-48.0,123.901,14.0,1,0,1,1,1,0
7.0,-56.0,7.321,17.0,1,0,1,1,0,0
0.0,-61.0,140.659,17.0,1,0,1,1,1,0
0.0,-60.0,154.824,6.0,2,0,1,1,1,0
3.0,-71.0,6.13,14.0,2,0,1,1,1,0
6.0,-65.0,6.13,16.0,3,0,1,1,1,0
0.0,-48.0,35.259,18.0,3,0,1,1,1,0
0.0,-70.0,144.326,21.0,3,0,1,1,1,1
7.0,-67.0,152.548,21.0,3,0,1,1,1,1
0.0,-56.0,60.945,14.0,4,0,1,1,1,0
7.0,-76.0,94.954,18.0,4,0,1,1,1,0
6.0,-52.0,6.13,10.0,5,1,1,1,1,0
0.0,-78.0,65.514,12.0,5,1,1,1,1,1
4.0,-56.0,7.321,21.0,6,1,1,1,0,0
0.0,-48.0,14.998,7.0,0,0,1,1,1,0
7.0,-54.0,6.13,11.0,0,0,1,1,0,0
0.0,-50.0,167.761,10.0,1,0,1,1,1,1
5.0,-53.0,6.13,15.0,1,0,1,1,1,0
7.0,-72.0,177.85,20.0,1,0,1,1,1,1
1.0,-48.0,94.954,12.0,2,0,1,1,1,0
0.0,-58.0,143.112,19.0,2,0,1,1,1,0
4.0,-48.0,76.968,8.0,3,0,1,1,1,0
7.0,-50.0,6.13,10.0,3,0,1,1,1,0
3.0,-68.0,145.6,11.0,3,0,1,1,1,0
7.0,-54.0,7.321,17.0,3,0,1,1,0,0
0.0,-49.0,10.125,17.0,4,0,1,1,0,0
0.0,-110.0,177.85,18.0,4,0,1,1,1,1
7.0,-56.0,6.13,16.0,5,1,1,1,0,0
7.0,-51.0,6.13,17.0,5,1,1,1,0,0
7.0,-55.0,6.13,14.0,5,1,1,1,0,0
7.0,-53.0,7.321,20.0,5,1,1,1,1,0
0.0,-54.0,58.71,12.0,6,1,1,1,1,0
1.0,-73.0,153.686,19.0,6,1,1,1,1,1
0.0,-64.0,147.876,20.0,6,1,1,1,1,0
7.0,-54.0,7.321,21.0,6,1,1,1,1,0
0.0,-48.0,162.835,6.0,0,0,1,1,1,0
7.0,-53.0,6.13,6.0,0,0,1,1,0,0
7.0,-56.0,94.954,8.0,0,0,1,1,1,0
3.0,-67.0,6.13,10.0,0,0,1,1,1,0
7.0,-54.0,6.13,18.0,0,0,1,1,0,0
0.0,-50.0,25.91,6.0,1,0,1,1,1,0
7.0,-65.0,134.3,16.0,1,0,1,1,1,1
0.0,-56.0,67.829,4.0,2,0,1,1,1,0
4.0,-55.0,86.238,6.0,2,0,1,1,1,0
4.0,-48.0,94.954,10.0,2,0,1,1,1,0
0.0,-72.0,140.659,12.0,2,0,1,1,1,0
0.0,-72.0,138.302,18.0,2,0,1,1,1,0
7.0,-63.0,198.984,12.0,3,0,1,1,1,1
7.0,-70.0,7.321,19.0,3,0,1,1,1,0
6.0,-54.0,7.321,21.0,3,0,1,1,0,0
7.0,-66.0,6.13,14.0,4,0,1,1,0,0
7.0,-56.0,6.13,15.0,4,0,1,1,0,0
7.0,-56.0,6.13,17.0,4,0,1,1,1,0
7.0,-58.0,6.13,15.0,5,1,1,1,0,0
0.0,-60.0,11.28,16.0,5,1,1,1,1,0
7.0,-53.0,6.13,17.0,5,1,1,1,1,0
7.0,-53.0,177.85,20.0,5,1,1,1,1,1
0.0,-56.0,180.388,6.0,6,1,1,1,1,0
5.0,-82.0,7.321,14.0,6,1,1,1,0,0
0.0,-66.0,144.326,15.0,6,1,1,1,1,0
0.0,-48.0,97.619,18.0,6,1,1,1,0,0
0.0,-54.0,6.13,20.0,6,1,1,1,0,0
4.0,-72.0,133.074,21.0,6,1,1,1,1,0
6.0,-74.0,7.321,11.0,0,0,1,1,1,0
3.0,-63.0,75.84,16.0,0,0,1,1,1,0
0.0,-60.0,28.397,18.0,0,0,1,1,1,0
6.0,-53.0,7.321,19.0,0,0,1,1,1,0
7.0,-52.0,6.13,12.0,1,0,1,1,1,0
0.0,-69.0,12.496,14.0,1,0,1,1,0,1
7.0,-110.0,6.13,15.0,1,0,1,0,0,0
5.0,-52.0,6.13,18.0,1,0,1,1,0,0
7.0,-57.0,6.13,8.0,2,0,1,1,1,0
0.0,-71.0,21.55,9.0,2,0,1,1,1,0
3.0,-48.0,135.525,15.0,2,0,1,1,1,0
0.0,-60.0,6.13,6.0,3,0,1,1,0,0
0.0,-48.0,141.898,12.0,3,0,1,1,1,0
0.0,-65.0,144.326,16.0,3,0,1,1,1,0
0.0,-50.0,182.865,17.0,3,0,1,1,1,0
0.0,-52.0,16.29,23.0,3,0,1,1,1,0
0.0,-55.0,77.028,9.0,4,0,1,1,1,0
0.0,-60.0,145.6,11.0,4,0,1,1,1,0
0.0,-48.0,119.927,12.0,4,0,1,1,1,0
0.0,-58.0,7.321,8.0,5,1,1,1,1,0
7.0,-73.0,94.954,10.0,5,1,1,1,1,1
0.0,-68.0,144.326,14.0,5,1,1,1,1,0
0.0,-48.0,80.47,5.0,6,1,1,1,1,0
0.0,-52.0,102.95,9.0,6,1,1,1,0,1
0.0,-75.0,139.481,15.0,6,1,1,1,1,0
3.0,-64.0,68.956,8.0,0,0,1,1,1,0
7.0,-84.0,94.954,11.0,0,0,1,1,1,1
0.0,-110.0,202.125,13.0,0,0,1,1,1,1
1.0,-71.0,144.326,16.0,0,0,1,1,1,0
7.0,-70.0,7.321,18.0,0,0,1,1,1,0
7.0,-62.0,6.13,19.0,0,0,1,1,0,0
0.0,-75.0,11.28,19.0,0,0,1,1,0,0
0.0,-84.0,94.954,13.0,1,0,1,1,1,1
3.0,-79.0,121.232,6.0,2,0,1,1,1,0
7.0,-83.0,94.954,8.0,2,0,1,1,1,1
1.0,-67.0,52.289,10.0,2,0,1,1,1,0
0.0,-61.0,53.289,11.0,2,0,1,1,1,0
1.0,-50.0,186.315,15.0,2,0,1,1,1,0
0.0,-64.0,74.713,16.0,2,0,1,1,0,0
2.0,-60.0,152.488,19.0,2,0,1,1,0,0
0.0,-54.0,13.713,8.0,3,0,1,1,1,0
2.0,-48.0,131.789,8.0,3,0,1,1,1,0
0.0,-69.0,144.326,19.0,3,0,1,1,1,0
7.0,-59.0,7.321,23.0,3,0,1,1,1,0
0.0,-63.0,75.84,4.0,4,0,1,1,1,0
0.0,-56.0,90.108,9.0,4,0,1,1,1,0
0.0,-48.0,170.298,10.0,4,0,1,1,1,0
7.0,-53.0,6.13,12.0,4,0,1,1,0,0
0.0,-48.0,94.954,12.0,4,0,1,1,1,0
7.0,-53.0,6.13,15.0,4,0,1,1,0,0
7.0,-67.0,7.321,8.0,5,1,1,1,1,0
3.0,-68.0,146.738,11.0,6,1,1,1,1,0
3.0,-62.0,152.488,13.0,6,1,1,1,1,1
0.0,-55.0,185.825,18.0,6,1,1,1,1,1
7.0,-56.0,7.321,21.0,6,1,1,1,1,0
7.0,-81.0,94.954,8.0,0,0,1,1,1,1
1.0,-73.0,144.326,14.0,0,0,1,1,1,0
7.0,-57.0,152.548,14.0,0,0,1,1,1,0
0.0,-50.0,30.076,16.0,0,0,1,1,1,0
7.0,-82.0,94.954,18.0,0,0,1,1,1,1
5.0,-60.0,94.954,19.0,0,0,1,1,1,1
7.0,-70.0,108.206,21.0,0,0,1,1,1,0
7.0,-66.0,177.85,22.0,0,0,1,1,1,1
2.0,-75.0,93.758,6.0,1,0,1,1,0,1
0.0,-61.0,131.789,7.0,1,0,1,1,1,0
7.0,-67.0,7.321,9.0,1,0,1,1,1,0
7.0,-71.0,7.321,14.0,1,0,1,1,1,0
0.0,-61.0,143.112,16.0,1,0,1,1,1,0
4.0,-81.0,140.659,17.0,1,0,1,1,1,1
7.0,-84.0,94.954,15.0,2,0,1,1,1,1
7.0,-53.0,6.13,17.0,3,0,1,1,0,0
7.0,-53.0,6.13,21.0,3,0,1,1,1,0
7.0,-64.0,6.13,17.0,4,0,1,1,1,0
7.0,-83.0,25.91,19.0,4,0,1,1,1,0
0.0,-61.0,145.6,12.0,5,1,1,1,1,0
7.0,-64.0,94.954,12.0,5,1,1,1,1,1
7.0,-53.0,6.13,19.0,5,1,1,1,1,0
0.0,-64.0,144.326,14.0,6,1,1,1,1,0
0.0,-60.0,143.112,10.0,0,0,1,1,1,0
7.0,-82.0,94.954,12.0,0,0,1,1,1,1
7.0,-102.0,21.564,9.0,1,0,1,1,1,1
7.0,-83.0,94.954,13.0,1,0,1,1,1,1
7.0,-81.0,94.954,19.0,1,0,1,1,1,1
6.0,-52.0,7.321,21.0,1,0,1,1,0,0
3.0,-71.0,180.388,22.0,1,0,1,1,1,1
0.0,-48.0,31.351,12.0,2,0,1,1,1,0
1.0,-68.0,144.326,12.0,5,1,1,1,1,0
7.0,-81.0,94.954,15.0,5,1,1,1,1,1
2.0,-78.0,94.954,22.0,5,1,1,1,1,1
7.0,-54.0,6.13,16.0,6,1,1,1,1,0
7.0,-51.0,6.13,18.0,6,1,1,1,0,0
7.0,-63.0,180.388,20.0,6,1,1,1,0,1
0.0,-48.0,94.954,13.0,0,0,1,1,1,0
3.0,-64.0,144.326,19.0,0,0,1,1,1,0
7.0,-81.0,108.206,18.0,1,0,1,1,1,1
7.0,-52.0,6.13,15.0,2,0,1,1,0,0
6.0,-60.0,6.13,19.0,2,0,1,1,0,0
7.0,-52.0,94.954,7.0,3,0,1,1,1,1
7.0,-74.0,7.321,10.0,4,0,1,1,1,0
7.0,-51.0,6.13,20.0,4,0,1,1,1,0
7.0,-68.0,7.321,21.0,4,0,1,1,1,0
0.0,-48.0,186.315,6.0,5,1,1,1,1,0
7.0,-74.0,7.321,9.0,5,1,1,1,1,0
7.0,-65.0,6.13,16.0,5,1,1,1,1,0
2.0,-71.0,144.326,18.0,5,1,1,1,1,0
7.0,-83.0,94.954,9.0,6,1,1,1,1,1
1.0,-68.0,146.738,16.0,0,0,1,1,1,0
7.0,-65.0,6.13,14.0,0,0,1,1,1,0
7.0,-55.0,7.381,19.0,0,0,1,1,0,0
7.0,-57.0,7.321,21.0,0,0,1,1,1,0
7.0,-81.0,94.954,11.0,1,0,1,1,1,1
7.0,-85.0,94.954,12.0,1,0,1,1,1,1
7.0,-67.0,6.13,18.0,1,0,1,1,1,0
0.0,-62.0,144.326,11.0,3,0,1,1,1,0
6.0,-76.0,127.815,22.0,3,0,1,1,1,1
7.0,-67.0,6.13,15.0,4,0,1,1,1,0
0.0,-67.0,39.215,19.0,4,0,1,1,0,1
0.0,-67.0,88.911,7.0,5,1,1,1,0,1
5.0,-68.0,6.13,11.0,5,1,1,1,0,0
0.0,-54.0,189.299,16.0,5,1,1,0,1,1
6.0,-67.0,6.13,12.0,6,1,1,1,1,0
5.0,-62.0,7.13,14.0,6,1,1,1,1,0
0.0,-60.0,172.863,15.0,6,1,1,1,1,1
7.0,-82.0,94.654,17.0,6,1,1,1,1,1
7.0,-64.0,6.13,20.0,6,1,1,1,1,0
2.0,-77.0,108.206,18.0,0,0,1,1,1,1
2.0,-66.0,6.13,15.0,1,0,1,1,1,0
7.0,-71.0,189.984,18.0,1,0,1,0,1,1
0.0,-58.0,145.6,21.0,1,0,1,1,1,0
7.0,-56.0,6.13,10.0,2,0,1,1,1,0
7.0,-75.0,7.321,23.0,2,0,1,1,0,0
7.0,-54.0,6.13,10.0,4,0,1,1,1,0
7.0,-53.0,6.13,17.0,4,0,1,1,1,0
5.0,-59.0,7.321,19.0,4,0,1,1,1,0
7.0,-82.0,94.954,19.0,4,0,1,1,1,1
0.0,-48.0,93.758,12.0,5,1,1,1,1,0
7.0,-49.0,7.321,21.0,5,1,1,1,1,0
2.0,-65.0,78.155,16.0,6,1,1,1,0,1
7.0,-51.0,6.13,20.0,6,1,1,1,1,0
0.0,-58.0,83.084,9.0,0,0,1,1,0,1
0.0,-73.0,185.47,10.0,0,0,1,1,1,1
7.0,-51.0,6.13,17.0,0,0,1,1,0,0
7.0,-56.0,6.13,16.0,1,0,1,1,0,0
7.0,-55.0,6.13,19.0,1,0,1,1,0,0
2.0,-67.0,144.326,18.0,1,0,1,1,1,1
5.0,-67.0,6.13,8.0,2,0,1,1,1,0
0.0,-65.0,7.321,17.0,2,0,1,1,0,0
0.0,-65.0,144.326,19.0,2,0,1,1,0,0
7.0,-67.0,7.321,23.0,2,0,1,1,1,0
0.0,-62.0,145.6,10.0,4,0,1,1,1,1
7.0,-70.0,198.984,21.0,4,0,1,1,1,1
0.0,-110.0,6.13,16.0,5,1,1,1,0,0
7.0,-52.0,6.13,21.0,5,1,1,1,0,0
6.0,-66.0,6.13,14.0,0,0,1,1,0,0
0.0,-69.0,96.317,12.0,1,0,1,1,1,1
6.0,-56.0,6.13,14.0,1,0,1,1,1,0
7.0,-72.0,7.321,17.0,1,0,1,1,1,0
7.0,-49.0,6.13,21.0,2,0,1,1,1,0
7.0,-88.0,6.13,8.0,5,1,1,1,0,0
6.0,-54.0,7.321,9.0,5,1,1,1,0,0
7.0,-51.0,6.13,17.0,5,1,1,1,0,0
3.0,-83.0,25.91,19.0,5,1,1,1,0,1
6.0,-63.0,7.321,19.0,6,1,1,0,1,0
6.0,-65.0,6.13,19.0,6,1,1,1,1,0
7.0,-56.0,7.321,20.0,6,1,1,1,1,0
7.0,-66.0,6.13,11.0,1,0,1,1,1,0
0.0,-62.0,58.71,14.0,1,0,1,1,0,1
2.0,-71.0,6.13,15.0,1,0,1,1,1,0
7.0,-56.0,6.13,16.0,3,0,1,1,1,0
6.0,-62.0,7.321,21.0,5,1,1,1,1,0
3.0,-80.0,25.91,7.0,6,1,1,1,0,1
7.0,-54.0,6.13,9.0,6,1,1,1,0,0
0.0,-59.0,140.659,12.0,1,0,1,1,1,0
2.0,-66.0,8.97,20.0,1,0,1,1,0,0
1.0,-66.0,32.626,10.0,2,0,1,1,0,1
3.0,-74.0,58.71,7.0,3,0,1,1,0,1
1.0,-71.0,6.13,11.0,3,0,1,1,1,0
0.0,-69.0,144.326,18.0,3,0,1,1,1,0
0.0,-70.0,145.6,18.0,4,0,1,1,1,0
4.0,-80.0,7.321,14.0,5,1,1,1,1,0
1.0,-54.0,78.155,5.0,6,1,1,1,1,0
7.0,-54.0,6.13,19.0,6,1,1,1,0,0
1.0,-58.0,130.484,20.0,6,1,1,1,1,0
0.0,-67.0,153.842,20.0,6,1,1,1,1,1
7.0,-73.0,7.321,14.0,2,0,1,1,1,0
7.0,-54.0,7.321,21.0,2,0,1,1,1,0
0.0,-51.0,198.984,13.0,3,0,1,0,1,0
7.0,-55.0,6.13,17.0,4,0,1,0,1,0
6.0,-65.0,6.13,19.0,4,0,1,1,1,0
2.0,-68.0,6.13,15.0,5,1,1,1,0,0
7.0,-54.0,7.321,20.0,5,1,1,1,0,0
0.0,-69.0,177.85,6.0,6,1,1,1,1,1
1.0,-70.0,143.54,11.0,6,1,1,1,1,0
1.0,-64.0,161.722,13.0,6,1,1,1,0,0
1.0,-68.0,6.13,14.0,6,1,1,1,1,0
4.0,-68.0,144.326,20.0,6,1,1,1,1,0
6.0,-54.0,7.321,17.0,0,0,1,1,0,0
5.0,-63.0,177.85,20.0,0,0,1,1,0,1
7.0,-61.0,152.488,10.0,1,0,1,1,0,1
3.0,-67.0,101.587,9.0,3,0,1,1,0,1
5.0,-51.0,7.321,21.0,3,0,1,1,1,0
7.0,-52.0,6.13,15.0,4,0,1,1,1,0
0.0,-57.0,31.351,9.0,6,1,1,1,1,1
7.0,-55.0,6.13,14.0,6,1,1,1,0,0
7.0,-69.0,6.13,16.0,6,1,1,1,0,0
6.0,-60.0,6.13,19.0,6,1,1,1,0,0
7.0,-53.0,7.321,19.0,1,0,1,1,1,0
7.0,-65.0,6.13,16.0,2,0,1,1,1,0
2.0,-70.0,161.722,5.0,3,0,1,1,0,1
2.0,-68.0,39.215,9.0,3,0,1,1,0,1
0.0,-70.0,144.326,18.0,3,0,1,1,1,0
0.0,-70.0,122.536,18.0,3,0,1,1,0,1
5.0,-66.0,6.13,19.0,3,0,1,1,1,0
7.0,-71.0,6.13,4.0,4,0,1,1,0,0
6.0,-51.0,7.321,21.0,4,0,1,1,1,0
7.0,-55.0,8.321,12.0,5,1,1,1,0,0
1.0,-70.0,6.13,14.0,5,1,1,1,1,0
6.0,-63.0,7.321,17.0,5,1,1,1,1,0
7.0,-69.0,6.13,9.0,6,1,1,1,0,0
6.0,-63.0,6.13,14.0,6,1,1,1,1,0
7.0,-69.0,6.13,17.0,6,1,1,1,1,0
7.0,-54.0,7.321,21.0,6,1,1,1,1,0
6.0,-52.0,6.13,21.0,6,1,1,1,1,0
0.0,-67.0,21.55,6.0,0,0,1,1,1,1
0.0,-48.0,141.898,14.0,0,0,1,1,1,0
7.0,-63.0,109.495,15.0,0,0,1,1,0,1
7.0,-56.0,6.13,16.0,1,0,1,1,0,0
7.0,-49.0,6.13,21.0,1,0,1,1,0,0
1.0,-68.0,153.686,6.0,2,0,1,1,0,1
7.0,-65.0,6.13,12.0,2,0,1,1,1,0
7.0,-53.0,6.13,17.0,2,0,1,1,1,0
7.0,-68.0,6.13,10.0,5,1,1,1,1,0
1.0,-72.0,185.47,10.0,2,0,1,1,0,1
7.0,-51.0,6.13,17.0,2,0,1,1,1,0
7.0,-66.0,6.13,22.0,5,1,1,1,0,0
7.0,-66.0,6.13,16.0,6,1,1,1,0,0
7.0,-54.0,6.13,8.0,0,0,1,1,0,0
5.0,-51.0,6.13,14.0,0,0,0,0,0,0
7.0,-51.0,6.13,17.0,0,0,0,0,0,0
6.0,-64.0,6.13,22.0,1,0,1,1,1,0
0.0,-67.0,146.738,8.0,2,0,1,1,0,1
7.0,-84.0,127.815,11.0,4,0,1,1,1,1
7.0,-59.0,6.13,17.0,5,1,1,1,0,0
1.0,-63.0,53.541,10.0,0,0,1,1,0,1
0.0,-48.0,21.55,14.0,1,0,1,1,1,0
7.0,-76.0,35.259,14.0,1,0,1,1,1,1
0.0,-48.0,170.298,23.0,1,0,1,1,1,0
0.0,-64.0,7.321,17.0,5,1,1,1,0,0
1.0,-64.0,79.282,23.0,5,1,1,1,0,1
4.0,-70.0,6.13,11.0,1,0,1,1,1,0
7.0,-59.0,6.13,17.0,1,0,1,1,0,0
3.0,-53.0,6.13,19.0,1,0,1,1,0,0
5.0,-80.0,7.32,14.0,2,0,1,1,1,0
7.0,-62.0,6.13,16.0,3,0,1,1,1,0
7.0,-52.0,6.13,21.0,3,0,1,0,0,0
5.0,-57.0,109.495,18.0,4,0,1,1,0,1
7.0,-50.0,6.13,11.0,6,1,1,1,1,0
7.0,-54.0,6.13,14.0,6,1,1,1,0,0
7.0,-51.0,6.13,15.0,1,0,1,1,1,0
7.0,-50.0,6.13,11.0,3,0,1,1,1,0
7.0,-55.0,6.13,18.0,3,0,1,1,1,0
4.0,-61.0,7.321,19.0,5,1,1,1,1,0
7.0,-67.0,6.13,12.0,5,1,1,1,1,0
5.0,-84.0,109.495,21.0,5,1,1,1,1,1
6.0,-51.0,6.13,18.0,6,1,1,1,1,0
6.0,-62.0,6.13,21.0,0,0,1,1,1,0
7.0,-54.0,7.13,16.0,2,0,1,1,1,0
7.0,-69.0,7.321,18.0,2,0,1,1,1,0
7.0,-54.0,7.13,21.0,2,0,1,1,1,0
2.0,-73.0,145.6,18.0,4,0,1,1,1,0
6.0,-57.0,6.13,19.0,4,0,1,1,0,0
7.0,-60.0,6.13,18.0,6,1,1,1,0,0
1.0,-69.0,6.13,21.0,0,0,1,1,1,0
7.0,-67.0,6.13,11.0,1,0,1,1,1,0
5.0,-74.0,93.758,12.0,1,0,1,1,0,0
7.0,-57.0,109.495,18.0,1,0,1,1,0,1
6.0,-73.0,127.815,20.0,2,0,1,1,1,1
5.0,-71.0,6.13,15.0,3,0,1,1,1,0
0.0,-61.0,144.326,10.0,4,0,1,1,1,0
7.0,-54.0,6.13,19.0,4,0,1,1,0,0
7.0,-61.0,6.13,21.0,4,0,1,1,1,0
7.0,-54.0,6.13,22.0,4,0,1,1,0,0
7.0,-55.0,6.13,21.0,5,1,1,1,1,0
6.0,-75.0,127.815,21.0,6,1,1,1,1,1
3.0,-68.0,68.956,22.0,0,0,1,1,1,0
7.0,-65.0,7.321,23.0,0,0,1,1,1,0
7.0,-66.0,7.321,13.0,4,0,1,1,1,0
0.0,-76.0,109.495,21.0,4,0,1,1,1,1
7.0,-64.0,6.13,15.0,6,1,1,1,1,0
7.0,-67.0,7.321,22.0,6,1,1,1,1,0
7.0,-67.0,6.13,17.0,0,0,1,1,1,0
7.0,-62.0,7.321,18.0,0,0,1,1,1,0
7.0,-51.0,6.13,19.0,0,0,1,1,1,0
3.0,-78.0,48.426,10.0,1,0,1,1,1,1
7.0,-67.0,7.321,18.0,2,0,1,1,0,0
3.0,-72.0,7.321,19.0,2,0,1,1,0,0
7.0,-51.0,7.321,23.0,2,0,1,1,0,0
4.0,-66.0,6.13,14.0,3,0,1,1,1,0
3.0,-90.0,26.739,9.0,5,1,1,1,0,1
4.0,-78.0,7.321,11.0,6,1,1,1,1,0
7.0,-52.0,6.17,11.0,3,0,1,1,0,0
7.0,-66.0,6.13,18.0,3,0,1,1,0,0
6.0,-54.0,7.321,21.0,3,0,1,1,1,0
6.0,-81.0,108.206,21.0,4,0,1,1,1,1
7.0,-78.0,7.321,13.0,4,0,1,1,1,0
7.0,-59.0,6.13,12.0,5,1,1,1,0,0
7.0,-63.0,6.13,15.0,6,1,1,1,1,0
0.0,-47.0,198.984,20.0,6,1,1,0,0,1
5.0,-52.0,7.321,21.0,6,1,1,1,1,0
2.0,-85.0,108.206,15.0,0,0,1,1,0,1
7.0,-61.0,6.13,17.0,1,0,1,1,0,0
7.0,-77.0,7.321,23.0,4,0,1,1,0,0
7.0,-62.0,109.495,18.0,5,1,1,1,0,1
1.0,-62.0,152.488,18.0,6,1,1,1,1,1
7.0,-84.0,127.815,19.0,6,1,1,1,1,1
0.0,-110.0,177.85,20.0,6,1,1,1,1,1
7.0,-73.0,108.206,8.0,0,0,1,1,1,1
0.0,-77.0,72.398,17.0,0,0,1,1,0,0
7.0,-77.0,7.321,16.0,1,0,1,1,0,0
7.0,-83.0,6.13,4.0,2,0,1,1,1,0
7.0,-63.0,7.13,9.0,2,0,1,1,1,0
5.0,-47.0,198.984,15.0,3,0,1,1,1,0
7.0,-67.0,7.321,23.0,3,0,1,1,0,0
7.0,-54.0,6.13,9.0,2,0,1,1,1,0
7.0,-86.0,6.13,10.0,4,0,1,1,1,0
7.0,-70.0,165.298,20.0,4,0,1,1,1,1
7.0,-61.0,109.495,18.0,6,1,1,1,0,1
7.0,-63.0,6.13,18.0,0,0,1,1,1,0
6.0,-67.0,6.13,20.0,1,0,1,1,1,0
5.0,-65.0,73.586,6.0,2,0,1,1,1,1
7.0,-64.0,7.321,14.0,4,0,1,1,1,0
0.0,-63.0,186.315,6.0,5,1,1,1,1,1
1.0,-61.0,7.321,21.0,6,1,1,1,0,0
4.0,-66.0,81.777,4.0,2,0,1,1,1,1
7.0,-77.0,7.321,12.0,2,0,1,1,1,0
7.0,-67.0,6.13,21.0,2,0,1,1,1,0
7.0,-74.0,7.321,21.0,2,0,1,1,1,0
7.0,69.0,6.13,10.0,5,1,1,1,0,0
7.0,57.0,7.321,17.0,5,1,1,1,1,0
5.0,62.0,7.321,15.0,6,1,1,1,1,0
7.0,77.0,7.321,9.0,0,0,1,1,1,0
0.0,-65.0,174.074,19.0,1,0,1,1,0,1
6.0,-69.0,6.13,10.0,2,0,1,1,1,0
7.0,-91.0,25.85,14.0,3,0,1,1,1,1
0.0,-68.0,144.326,18.0,3,0,1,1,1,0
7.0,-92.0,26.739,18.0,3,0,1,1,0,1
7.0,-66.0,6.13,12.0,4,0,1,1,1,0
7.0,-63.0,109.495,18.0,6,1,1,1,0,1
4.0,-80.0,127.815,19.0,6,1,1,1,1,1
0.0,-110.0,177.85,15.0,0,0,1,1,1,1
4.0,-80.0,7.321,17.0,0,0,1,1,1,0
0.0,-110.0,166.529,21.0,0,0,1,1,1,1
0.0,-55.0,6.13,4.0,1,0,1,1,1,0
7.0,-86.0,108.206,10.0,1,0,1,1,1,1
7.0,-80.0,94.954,16.0,1,0,1,1,0,1
0.0,-57.0,108.206,20.0,1,0,1,1,1,1
2.0,-72.0,134.3,21.0,1,0,1,1,1,1
2.0,-47.0,129.18,21.0,1,0,1,1,0,1
5.0,-68.0,25.85,19.0,2,0,1,1,1,1
0.0,-60.0,6.13,7.0,3,0,1,1,0,0
7.0,-72.0,7.321,22.0,4,0,1,1,0,0
7.0,-79.0,7.321,18.0,5,1,1,1,1,0
7.0,-74.0,6.13,20.0,5,1,1,0,0,0
7.0,-66.0,7.321,14.0,6,1,1,0,0,0
0.0,-68.0,144.326,19.0,6,1,1,1,1,0
2.0,-76.0,185.47,18.0,0,0,1,1,1,1
6.0,-66.0,7.321,16.0,1,0,1,1,0,0
3.0,-81.0,109.495,16.0,3,0,1,1,0,1
7.0,-57.0,7.321,17.0,5,1,1,1,1,0
7.0,-58.0,152.488,7.0,6,1,1,1,0,1
7.0,-73.0,7.321,8.0,0,0,1,1,1,0
7.0,-83.0,25.91,19.0,0,0,1,1,1,1
7.0,-55.0,7.321,19.0,0,0,1,1,1,0
6.0,-79.0,7.321,11.0,1,0,1,1,1,0
7.0,-65.0,127.815,19.0,1,0,1,1,1,1
7.0,-67.0,7.321,7.0,2,0,1,1,1,0
7.0,-82.0,126.51,19.0,2,0,1,1,1,1
7.0,-69.0,6.13,11.0,3,0,1,1,1,0
7.0,-58.0,152.488,6.0,4,0,1,1,0,1
7.0,-60.0,108.206,18.0,4,0,1,1,1,1
6.0,-74.0,6.13,10.0,5,1,1,1,1,0
7.0,-49.0,7.321,17.0,1,0,1,1,0,0
7.0,-70.0,73.586,22.0,1,0,1,1,1,1
3.0,-67.0,108.206,22.0,1,0,1,1,1,1
5.0,-60.0,90.108,5.0,2,0,1,1,1,1
8.0,-87.0,108.206,9.0,2,0,1,1,1,1
0.0,-57.0,78.155,5.0,3,0,1,1,1,0
4.0,-82.0,95.014,16.0,3,0,1,0,1,1
4.0,-82.0,95.014,16.0,3,0,1,0,1,1
2.0,-68.0,144.326,10.0,4,0,1,1,1,0
6.0,-63.0,177.85,19.0,4,0,1,1,1,1
6.0,-78.0,94.954,21.0,4,0,1,1,1,1
0.0,-61.0,94.954,16.0,5,1,1,1,1,1
6.0,-54.0,7.321,16.0,6,1,1,1,0,0
0.0,-110.0,7.321,20.0,6,1,1,1,1,0
7.0,-65.0,7.321,21.0,6,1,1,1,1,0
7.0,-69.0,73.586,21.0,6,1,1,1,1,1
7.0,-82.0,108.206,7.0,0,0,1,1,1,1
0.0,-70.0,48.426,8.0,1,0,1,1,0,1
7.0,-74.0,73.586,20.0,2,0,1,1,0,1
0.0,-71.0,153.686,15.0,3,0,1,1,0,1
7.0,-79.0,94.954,21.0,3,0,1,1,1,1
6.0,-81.0,108.206,19.0,5,1,1,1,1,1
7.0,-59.0,6.13,22.0,5,1,1,1,1,0
7.0,-79.0,108.206,22.0,5,1,1,1,1,1
5.0,-49.0,7.321,19.0,6,1,1,1,1,0
2.0,-61.0,6.13,8.0,0,0,1,1,1,0
7.0,-63.0,6.13,17.0,0,0,1,1,1,0
3.0,-76.0,134.3,17.0,0,0,1,1,0,1
5.0,-50.0,6.13,22.0,0,0,1,1,1,0
7.0,-70.0,6.13,11.0,1,0,1,1,1,0
7.0,-56.0,7.321,17.0,1,0,1,1,0,0
7.0,-84.0,108.206,20.0,1,0,1,1,1,1
0.0,-48.0,119.927,12.0,2,0,1,1,1,0
3.0,-73.0,137.092,11.0,3,0,1,1,1,0
3.0,-72.0,137.092,8.0,4,0,1,1,1,0
7.0,-56.0,6.13,17.0,4,0,1,1,1,0
7.0,-78.0,109.495,20.0,4,0,1,1,1,1
5.0,-62.0,177.85,20.0,4,0,1,1,1,1
1.0,-68.0,177.85,10.0,5,1,1,1,0,1
4.0,-58.0,145.6,16.0,5,1,1,1,1,1
7.0,-76.0,73.586,17.0,5,1,1,1,1,1
6.0,-50.0,94.954,15.0,6,1,1,1,1,1
7.0,-83.0,108.206,18.0,6,1,1,1,1,1
3.0,-56.0,7.321,21.0,6,1,1,1,1,0
7.0,-79.0,126.51,6.0,0,0,1,1,0,1
7.0,-68.0,39.215,19.0,0,0,1,1,0,1
5.0,-65.0,185.47,20.0,0,0,1,1,0,1
5.0,-64.0,78.155,5.0,1,0,1,1,1,1
0.0,-48.0,67.829,16.0,1,0,1,1,1,0
6.0,-59.0,177.85,23.0,1,0,1,1,1,1
7.0,-83.0,94.954,12.0,2,0,1,1,1,1
7.0,-86.0,108.206,14.0,2,0,1,1,1,1
7.0,-79.0,73.586,16.0,2,0,1,0,1,1
7.0,-84.0,96.317,16.0,2,0,1,0,0,1
7.0,-72.0,94.954,18.0,2,0,1,0,1,1
7.0,-72.0,25.85,21.0,2,0,1,1,1,1
7.0,-77.0,94.954,21.0,2,0,1,1,1,1
7.0,-85.0,108.206,19.0,3,0,1,1,1,1
7.0,-72.0,108.206,20.0,3,0,1,1,1,1
7.0,-71.0,108.206,22.0,3,0,1,1,1,1
6.0,-62.0,110.783,16.0,4,0,1,1,1,1
2.0,-72.0,144.326,19.0,4,0,1,1,1,0
2.0,-67.0,144.326,20.0,4,0,1,1,1,0
7.0,-83.0,94.954,9.0,5,1,1,1,1,1
7.0,-71.0,177.85,16.0,5,1,1,1,1,1
7.0,-68.0,93.758,16.0,5,1,1,1,1,1
6.0,-62.0,73.586,14.0,6,1,1,1,1,1
5.0,-77.0,138.302,22.0,6,1,1,0,0,1
5.0,-77.0,164.302,22.0,6,1,1,0,0,1
7.0,-87.0,108.206,7.0,0,0,1,1,1,1
0.0,-48.0,164.006,9.0,0,0,1,1,1,0
7.0,-61.0,94.954,15.0,0,0,1,1,1,1
0.0,-64.0,101.587,14.0,2,0,1,1,1,1
7.0,-69.0,6.13,16.0,2,0,1,1,1,0
7.0,-48.0,94.954,20.0,2,0,1,1,1,1
7.0,-81.0,94.954,21.0,3,0,1,0,1,1
6.0,-76.0,94.954,8.0,4,0,1,1,1,1
7.0,-101.0,96.317,10.0,4,0,1,1,1,1
0.0,-62.0,181.626,13.0,4,0,1,1,1,0
7.0,-82.0,108.206,17.0,4,0,1,1,1,1
7.0,-73.0,6.13,12.0,6,1,1,1,0,0
7.0,-82.0,94.954,17.0,6,1,1,1,1,1
7.0,-78.0,94.954,23.0,0,0,1,1,1,1
2.0,-77.0,122.536,8.0,2,0,1,1,1,1
7.0,-80.0,94.954,10.0,2,0,1,1,1,1
2.0,-60.0,37.917,11.0,2,0,1,0,1,0
7.0,-83.0,94.954,16.0,2,0,1,1,1,1
7.0,-84.0,94.954,10.0,3,0,1,1,1,1
7.0,-78.0,94.954,11.0,4,0,1,1,1,1
7.0,-86.0,94.954,8.0,5,1,1,1,1,1
7.0,-69.0,6.13,17.0,5,1,1,1,1,0
7.0,-83.0,94.951,17.0,5,1,1,1,1,1
6.0,-84.0,94.951,9.0,1,0,1,1,1,1
6.0,-83.0,94.951,21.0,1,0,1,1,1,1
7.0,-68.0,6.13,22.0,1,0,1,1,1,0
7.0,-84.0,94.954,7.0,2,0,1,1,1,1
7.0,-80.0,94.954,9.0,2,0,1,1,1,1
3.0,-63.0,117.258,16.0,2,0,1,1,0,1
6.0,61.0,6.13,8.0,3,0,1,1,1,0
4.0,66.0,6.13,8.0,4,0,1,1,1,0
7.0,68.0,6.13,12.0,4,0,1,1,1,0
0.0,48.0,94.954,11.0,4,0,1,1,1,0
7.0,-79.0,94.954,18.0,4,0,1,1,1,0
7.0,-65.0,73.586,22.0,4,0,1,1,1,1
7.0,-78.0,94.954,8.0,5,1,1,1,1,0
6.0,72.0,6.13,11.0,5,1,1,1,1,0
3.0,-87.0,48.426,11.0,5,1,1,1,0,1
1.0,-67.0,161.722,21.0,5,1,1,1,0,1
7.0,-67.0,6.13,12.0,6,1,1,1,1,0
6.0,-70.0,177.85,18.0,6,1,1,1,0,1
7.0,-80.0,94.954,19.0,0,0,1,1,1,0
7.0,67.0,6.13,16.0,4,0,1,1,1,0
7.0,-83.0,94.954,16.0,4,0,1,1,1,0
3.0,-75.0,151.35,20.0,4,0,1,1,1,1
5.0,-72.0,127.815,20.0,4,0,1,1,1,1
7.0,-71.0,6.13,8.0,5,1,1,1,0,0
7.0,-68.0,5.73,9.0,5,1,1,1,1,0
3.0,-65.0,73.586,22.0,5,1,1,1,1,1
4.0,-84.0,94.954,11.0,6,1,1,1,1,0
7.0,-77.0,7.321,8.0,2,0,1,1,1,0
7.0,-51.0,7.321,16.0,2,0,1,1,0,0
7.0,-83.0,94.954,20.0,2,0,1,1,1,0
3.0,-72.0,74.713,12.0,3,0,1,1,1,1
7.0,-71.0,6.13,4.0,4,0,1,1,1,0
7.0,-68.0,6.13,17.0,4,0,1,1,0,0
7.0,-56.0,6.13,18.0,4,0,1,1,1,0
0.0,-57.0,136.735,8.0,5,1,1,1,1,0
7.0,-73.0,6.13,12.0,6,1,1,1,0,0
7.0,-84.0,94.954,12.0,6,1,1,1,1,0
7.0,-83.0,94.954,18.0,6,1,1,1,1,0
6.0,-80.0,94.954,19.0,6,1,1,1,1,0
7.0,-61.0,7.321,21.0,6,1,1,1,1,0
6.0,-82.0,94.954,21.0,6,1,1,1,1,0
6.0,-82.0,94.954,7.0,1,0,1,1,1,0
7.0,-76.0,94.954,8.0,1,0,1,1,1,0
1.0,-75.0,127.815,22.0,1,0,1,1,1,1
7.0,-93.0,6.13,4.0,3,0,1,1,0,0
7.0,-85.0,94.954,9.0,3,0,1,1,1,0
0.0,-65.0,53.601,15.0,3,0,1,1,1,1
1.0,-66.0,54.601,16.0,4,0,1,1,1,1
4.0,-78.0,198.984,20.0,4,0,1,0,0,1
5.0,-81.0,94.954,8.0,5,1,1,1,1,0
7.0,-81.0,94.954,18.0,6,1,1,1,1,0
6.0,-79.0,94.954,21.0,6,1,1,0,1,0
6.0,-51.0,7.321,13.0,2,0,1,1,1,0
6.0,-65.0,7.321,19.0,2,0,1,1,1,0
6.0,-83.0,94.954,8.0,3,0,1,1,1,0
7.0,-66.0,6.13,21.0,3,0,1,1,1,0
7.0,-85.0,6.13,7.0,4,0,1,1,1,0
7.0,-83.0,94.954,8.0,4,0,1,1,1,0
6.0,-83.0,94.954,10.0,4,0,1,1,1,0
7.0,-83.0,94.954,17.0,5,1,1,1,1,0
6.0,-53.0,7.321,21.0,5,1,1,1,1,0
7.0,-65.0,7.321,9.0,6,1,1,1,1,0
4.0,-83.0,93.758,10.0,6,1,1,1,1,0
7.0,-84.0,94.954,11.0,6,1,1,1,1,0
3.0,-68.0,6.13,18.0,0,0,1,1,1,0
1.0,-70.0,73.586,8.0,1,0,1,1,0,1
6.0,-83.0,94.954,8.0,1,0,1,1,1,0
6.0,-82.0,165.298,10.0,2,0,1,1,0,1
6.0,-83.0,94.954,9.0,3,0,1,1,1,0
4.0,-62.0,7.321,23.0,3,0,1,1,1,0
7.0,-54.0,6.13,21.0,4,0,1,1,0,0
5.0,-81.0,94.954,22.0,4,0,1,1,1,0
7.0,-72.0,6.13,10.0,6,1,1,1,0,0
7.0,-69.0,200.0,22.0,6,1,1,0,1,1
0.0,-57.0,79.282,7.0,0,0,1,1,1,1
7.0,-70.0,6.13,9.0,0,0,1,1,0,0
6.0,-81.0,94.954,12.0,0,0,1,1,0,0
7.0,-70.0,6.13,17.0,1,0,1,1,0,0
7.0,-74.0,73.586,19.0,1,0,1,1,0,1
7.0,-73.0,177.85,19.0,1,0,1,1,0,1
0.0,-67.0,39.215,19.0,2,0,1,1,1,0
7.0,-84.0,91.305,19.0,2,0,1,1,1,0
5.0,-66.0,6.13,21.0,2,0,1,1,1,0
3.0,-51.0,7.321,21.0,2,0,1,1,1,0
0.0,-64.0,7.321,20.0,3,0,1,1,0,0
7.0,-54.0,6.13,21.0,3,0,1,1,1,0
7.0,-84.0,94.954,10.0,4,0,1,1,1,0
5.0,-80.0,94.954,15.0,5,1,1,1,1,0
0.0,-67.0,6.13,15.0,6,1,1,1,1,0
7.0,-78.0,177.85,15.0,6,1,1,1,1,1
7.0,-72.0,177.85,17.0,6,1,1,1,1,1
0.0,-75.0,109.495,15.0,0,0,1,1,1,1
6.0,-83.0,94.954,15.0,1,0,1,1,1,0
7.0,-70.0,6.13,8.0,2,0,1,1,1,0
7.0,-83.0,94.954,11.0,2,0,1,1,1,0
7.0,-74.0,94.954,18.0,3,0,1,1,1,0
7.0,-64.0,6.13,18.0,4,0,1,1,0,0
7.0,-67.0,73.586,20.0,4,0,1,1,1,1
7.0,-67.0,73.586,20.0,4,0,1,1,1,1
3.0,-68.0,6.13,7.0,5,1,1,1,1,0
6.0,-82.0,94.954,22.0,5,1,1,1,1,0
4.0,-52.0,7.321,21.0,0,0,1,1,0,0
5.0,-51.0,6.13,17.0,1,0,1,1,0,0
7.0,-75.0,18.95,21.0,2,0,1,1,1,1
7.0,-70.0,36.558,21.0,2,0,1,1,0,1
7.0,-73.0,6.13,6.0,4,0,1,1,0,0
0.0,-70.0,6.13,10.0,4,0,1,1,1,0
5.0,-77.0,198.984,15.0,2,0,1,0,1,1
7.0,-52.0,7.321,17.0,2,0,1,1,0,0
7.0,-51.0,6.13,15.0,3,0,1,1,0,0
0.0,-65.0,21.55,16.0,4,0,1,1,0,1
0.0,-60.0,7.321,16.0,4,0,1,1,1,0
7.0,-83.0,35.259,16.0,4,0,1,1,1,1
0.0,-61.0,186.315,7.0,6,1,1,1,0,1
7.0,-65.0,6.13,12.0,6,1,1,1,1,0
5.0,-67.0,6.13,12.0,1,0,1,1,1,0
1.0,-79.0,126.51,17.0,1,0,1,1,1,1
7.0,-60.0,130.074,17.0,1,0,1,1,1,1
2.0,-65.0,130.074,19.0,2,0,1,1,0,1
7.0,-60.0,7.321,23.0,4,0,1,1,1,0
4.0,-65.0,6.13,7.0,5,1,1,1,1,0
7.0,-78.0,6.13,4.0,6,1,1,1,1,0
0.0,-58.0,52.289,5.0,6,1,1,1,1,1
6.0,-70.0,6.13,12.0,6,1,1,1,1,0
6.0,-54.0,6.13,15.0,6,1,1,1,0,0
7.0,-58.0,6.13,21.0,6,1,1,1,0,0
2.0,-75.0,140.659,17.0,0,0,1,1,1,1
7.0,-67.0,6.13,15.0,1,0,1,1,1,0
2.0,-76.0,108.206,22.0,2,0,1,1,1,1
7.0,-68.0,94.954,13.0,4,0,1,0,1,0
1.0,-65.0,118.562,20.0,4,0,1,1,0,1
7.0,-70.0,6.13,10.0,2,0,1,1,1,0
7.0,-54.0,152.548,7.0,4,0,1,1,1,1
7.0,-71.0,6.13,15.0,5,1,1,1,1,0
1.0,-74.0,140.659,16.0,5,1,1,1,0,1
0.0,-62.0,49.785,12.0,0,0,1,1,1,0
1.0,-52.0,198.984,12.0,3,0,1,0,1,1
0.0,-110.0,8.97,21.0,5,1,1,1,1,0
0.0,-64.0,179.149,20.0,6,1,1,1,1,1
3.0,-60.0,27.568,8.0,0,0,1,1,1,0
1.0,-72.0,58.71,6.0,3,0,1,1,1,1
3.0,-49.0,33.961,12.0,3,0,1,1,1,0
0.0,-60.0,8.97,12.0,3,0,1,0,1,0
6.0,-61.0,7.321,20.0,3,0,1,0,1,0
7.0,-84.0,6.13,7.0,6,1,1,1,1,0
7.0,-69.0,6.13,11.0,6,1,1,1,1,0
0.0,-76.0,95.014,7.0,0,0,1,1,1,1
7.0,-71.0,6.13,17.0,2,0,1,1,1,0
5.0,-51.0,6.13,12.0,3,0,1,1,1,0
7.0,-59.0,6.13,19.0,4,0,1,1,0,0
6.0,-66.0,6.13,14.0,5,1,1,1,1,0
7.0,-51.0,5.73,12.0,6,1,1,1,0,0
2.0,-77.0,126.51,7.0,0,0,1,1,0,1
7.0,-74.0,6.13,14.0,1,0,1,1,1,0
6.0,-54.0,6.13,17.0,1,0,1,1,0,0
6.0,-52.0,7.321,18.0,1,0,1,0,0,0
6.0,-88.0,127.815,9.0,2,0,1,1,1,1
5.0,-62.0,7.321,22.0,3,0,1,1,1,0
7.0,-72.0,202.125,0.0,6,1,1,1,1,1
0.0,-48.0,79.282,4.0,1,0,1,1,1,0
6.0,-67.0,6.13,19.0,2,0,1,1,1,0
6.0,-54.0,7.321,22.0,2,0,1,1,1,0
2.0,-72.0,6.13,10.0,0,0,1,1,1,0
2.0,-71.0,145.6,7.0,3,0,1,1,0,1
3.0,-60.0,161.722,19.0,3,0,1,1,0,1
0.0,-56.0,125.206,18.0,4,0,1,1,1,0
6.0,-53.0,7.321,20.0,5,1,1,1,1,0
7.0,-67.0,6.13,11.0,6,1,1,1,1,0
3.0,-50.0,7.13,19.0,6,1,1,1,0,0
7.0,-70.0,4.707,11.0,2,0,1,1,1,0
0.0,-57.0,185.47,18.0,5,1,1,1,0,1
7.0,-57.0,6.13,16.0,0,0,1,1,1,0
6.0,-53.0,6.13,8.0,1,0,1,1,0,0
7.0,-69.0,6.13,18.0,5,1,1,1,1,0
6.0,-52.0,6.13,14.0,6,1,1,1,0,0
0.0,-67.0,161.722,19.0,1,0,1,1,0,1
5.0,-53.0,8.97,20.0,2,0,1,1,1,0
2.0,-68.0,101.587,16.0,3,0,1,1,1,0
7.0,-50.0,6.13,19.0,6,1,1,1,1,0
7.0,-61.0,7.321,23.0,6,1,1,0,1,0
7.0,-73.0,6.13,8.0,0,0,1,1,1,0
7.0,-71.0,6.13,7.0,1,0,1,1,0,0
5.0,-52.0,7.321,13.0,2,0,1,1,0,0
6.0,-54.0,5.93,19.0,2,0,1,1,1,0
5.0,-50.0,7.321,20.0,5,1,1,0,1,0
0.0,-48.0,80.47,5.0,6,1,1,1,1,0
0.0,-63.0,79.282,4.0,0,0,1,1,1,0
0.0,-65.0,78.155,8.0,2,0,1,1,0,0
0.0,-48.0,79.282,4.0,4,0,1,1,1,0
0.0,-71.0,138.302,8.0,4,0,1,1,1,0
